Skill ID,Skill Name,Skill Type
KS126XS6CQCFGC3NG79X,.NET Assemblies,Specialized Skill
ES50D03AC9CFC1A0BC93,.NET Development,Specialized Skill
KS1200B62W5ZF38RJ7TD,.NET Framework,Specialized Skill
KS126XW78QJCF4TRV2X7,.NET Framework 1,Specialized Skill
KS126XY68BNKXSBSLPYS,.NET Framework 3,Specialized Skill
KS126XR63RKYVCKYDNBN,.NET Framework 4,Specialized Skill
ES1A2175859F80D25163,.NET MAUI (Multi-Platform App UI),Specialized Skill
KS126Y166NXP5X1SLV6V,.NET Reflector,Specialized Skill
KS126Y16DLZ0N5THPLDM,.NET Remoting,Specialized Skill
BGSA5DBAB2CA5E93368B,.htaccess Files,Specialized Skill
KSLGDAXJ4EFDMIOPMGL2,.nettiers,Specialized Skill
KS1200M68TBM4SXLZV0G,10 Gigabit Ethernet,Specialized Skill
KSJCP2DYKDSINHFDMF51,1010data,Specialized Skill
KS1200L6T0NXQPW7Z8YR,10BASE-F (Physical Layer Protocols),Specialized Skill
KS1200K743J4NT3LXJ3B,10BASE2,Specialized Skill
KS1200L6N1G9SQSN2K4C,10BASE5,Specialized Skill
BGS17D5F207B94197B41,12 Volt Electricity,Specialized Skill
KSG3JYO4PNRLSK692Z3J,128bit,Specialized Skill
KSFX0RS58RA2JDB0PO5E,12factor,Specialized Skill
ESF4BA869D66098F2ED0,1Password,Specialized Skill
KS1200Y5ZNNT2B1M81RN,2020 Design Software,Specialized Skill
KS1200Y714QV48TFJ75H,2D Animation,Specialized Skill
KS1200Y77WTLF0Y9J7TM,2D Computer Graphics,Specialized Skill
ES30F1316344594A4359,2D Computer-Aided Drafting And Design,Specialized Skill
ESE852A154E9389EAAAF,2D Game Development,Specialized Skill
KS1200Z77T1YZ4DJZ7M9,2D Gel Analysis Software,Specialized Skill
KS120196S0WRN2WBY8ZR,35 Mm Films,Specialized Skill
ES7D459096FC26D1A833,360 Campaigns,Specialized Skill
BGS146A23071499E566E,360-Degree Feedback,Specialized Skill
KS126YN74S42KYQZCPH6,389 Directory Server (Fedora Project),Specialized Skill
KS1201F63V91RBJT9L04,3CX Phone Systems,Specialized Skill
ESA0CCF8B28EE01393A7,3D Animation,Specialized Skill
KS1201F732CFS5JFTNQH,3D Art,Specialized Skill
KS1201G6D3S7LH8MTN6N,3D Camcorder,Specialized Skill
KS120146S76B3ZKN68X3,3D Computer Graphics,Specialized Skill
KS1201J6B7ZYCJ92N7Z7,3D Computer Graphics Software,Specialized Skill
ES8A356166684EF3A883,3D Conformal Radiotherapy (3DCRT),Specialized Skill
ES735D79ADCB82BFCE61,3D Game Development,Specialized Skill
KS1201H6XMJ7HKG59RQ1,3D Graphic Design,Specialized Skill
KS1201477MH4F3DJK1RC,3D Modeling,Specialized Skill
KS126NG5VQMYFP0Z7024,3D Modeling Software,Specialized Skill
ES47663B83875784129B,3D Production,Specialized Skill
KS1201K61KYYQZYYSCBC,3D Projection,Specialized Skill
KS1201K6P46HG0XKD41J,3D Reconstruction,Specialized Skill
KS1201K6QY0SGLMR741J,3D Rendering,Specialized Skill
KS1201H64Z45S4JD1GMV,3D Scanning,Specialized Skill
ES4DC1E7D01D31F76ADB,3D Touch,Specialized Skill
KS1201L6Z9M6FN2ZMMNM,3D Visualization,Specialized Skill
KS1201M741SCTN1QLQ0S,3DML,Specialized Skill
KS1201J773PFGJJKNTH9,3DMark (Computer Benchmarking),Specialized Skill
KS1201L6XXXWY12SW6LT,3DSlicer,Specialized Skill
KS1201N5W7VSFRRRSTRK,3Dvia Composer,Specialized Skill
KS1201Q6YZG5VR15ZJ0G,3GPP (Telecommunication),Specialized Skill
KS1201Q70VWZPS6KTMFR,3GPP2 (Telecommunication),Specialized Skill
BGS365426AB90EA7B07A,3M (Software),Specialized Skill
BGS839AC350FF72002B6,3M Codefinder,Specialized Skill
BGS2EF4528BDCB3785BA,3M Encoder,Specialized Skill
KSD334WEJF3MR99D2G21,3d Engine,Specialized Skill
KSSG3YBA1AOX9ZTC9SNX,3d Secure,Specialized Skill
BGSDD1886B513586233F,3rd Party Systems Integration,Specialized Skill
BGSEA27F2E6442AF3F9C,401K Plan Administration,Specialized Skill
ESB08327A2C1375D3B44,4D Modeling (Construction),Specialized Skill
KS126WT6C4H1F59H558J,4DOS (Command Line Interpreter),Specialized Skill
KS1201T71H5XS0N73DNT,4Sight,Specialized Skill
BGSBA05C253183F13E03,5150 Evaluations,Specialized Skill
KS1201V76VVTC7GSM3PP,529 College Savings Planning,Specialized Skill
KS1201W6RWTRK3BBX5R0,56 Kbit/S Modems,Specialized Skill
BGSDDAEF74BE44443855,5ESS Switching System,Specialized Skill
ESD7BFFE052367E6732E,5G Technology,Specialized Skill
BGS32F30F3A42DFC9FFA,5S Methodology,Specialized Skill
KS5YH61VU6MA56ZPER5N,64bit,Specialized Skill
KS1201Y6DQ7VHZD11FTJ,6LoWPAN,Specialized Skill
KS1201Z6SW2FKZ55ZX9R,7-Zip,Specialized Skill
KS124PQ75DRLM5MNWX42,8 Mm Video Format (Video Storage),Specialized Skill
KS120276F2WTD1S8030J,A/B Testing,Specialized Skill
KS1202C675YBHGWX1564,A3 Problem Solving Techniques,Specialized Skill
KS1202F63B7QKT0F54ZC,AAA Protocol (Code Division Multiple Access),Specialized Skill
KS1202F67YRGQMMX7PLF,AAA Server (Authentication Authorization And Accounting),Specialized Skill
ES78DC0D6C56B45948AA,AAA Video Games,Specialized Skill
ES9F1D46BD135CEEA989,ABA Intervention,Specialized Skill
KS1202P6J5TD8XJJDTX6,ABC FlowCharter,Specialized Skill
KS1202V6WJWVT791L109,ABI Solid Sequencing,Specialized Skill
KS7G21Y701HRNDL7K2BB,ABL Radiometers,Specialized Skill
KS7G22P6T9B338MBV6XT,ABR Routers,Specialized Skill
ES282533756054D3F1D9,ABySS Genome Assembler,Specialized Skill
ES794A2AF01FB95DE9B9,AC Motors,Specialized Skill
KS123DK6K8J5TYHN78GL,AC Power Plugs And Sockets,Specialized Skill
ES2B6A1D64BCCB4A32C9,AC/DC Converters,Specialized Skill
ES3150BAABF152E0DC5B,AC/DC Power,Specialized Skill
KS1204J761NQL9YYVB5F,ACDSee,Specialized Skill
KS1204R695DHSTFWLMCB,ACID Pro,Specialized Skill
KS1204X73GP18ZNVZ5T0,ACL2,Specialized Skill
BGS225008EBCAD3843E2,ACORD Forms,Specialized Skill
KS1206267TYTXHMT77TM,ADABAS,Specialized Skill
ES30611823CEE242F0E6,ADDIE Instructional Design Model,Specialized Skill
ESFA3E30ECABB8A321A8,ADHD Tutoring,Specialized Skill
KS1206S5Z55MGLBNNV2Y,ADMS (Software),Specialized Skill
KS1206T6DR6QD8JMTQY4,ADO.NET (Programming Language),Specialized Skill
KS1207X64LWTF77RX15S,ADOMD.NET,Specialized Skill
KS1207S774W7GXG0NN38,ADOdb Database Abstraction Library For PHP,Specialized Skill
ES50435CEF185473C55A,ADP Enterprise,Specialized Skill
BGS6783D9E44170E9CD3,ADP PCPW,Specialized Skill
BGSBE58A438A9A0E0C44,ADP Pay eXpert,Specialized Skill
BGS48D628E5FBF5381F7,ADP PayForce,Specialized Skill
BGSA58290F8CF9B2D2A3,ADP Payroll,Specialized Skill
ES2C5FD4C9D67A0A4942,ADP Reporting,Specialized Skill
ES1C15D7D4543868E56E,ADP SmartCompliance,Specialized Skill
ES7DCEC0A13385EEAD75,ADP TotalSource PEO Services,Specialized Skill
ESEC094F51B4AA2A7452,ADP Vantage,Specialized Skill
ES96C35DE2373F9BEDFD,ADP Workforce Now,Specialized Skill
KS7G44576GPZ9DFT4D21,ADT Security Services,Specialized Skill
KS1209D705T3KL01NLLW,AERMOD,Specialized Skill
KS1209H79Q68M1DGNLVL,AERONET,Specialized Skill
KS1209L6PRPR9P5K1ZRT,AES3,Specialized Skill
KS1209V5XPN3LCLXZN9C,AFGROW,Specialized Skill
KS120B471RX7V058TYYY,AGFA Impax 6,Specialized Skill
KS120B773ZV1BGVMLCR6,AGi32,Specialized Skill
BGSA0A4127D9379C44B7,AHIMA Standards Of Ethical Coding,Specialized Skill
ESF93F19C2FF1A7D10CD,AI Agents,Specialized Skill
ES27B3A69C60C8A20AE3,AI Alignment,Specialized Skill
ES1690AE92F6ACDB9331,AI Copywriting,Specialized Skill
ES1B08C31E5FE1B4CF7A,AI Innovation,Specialized Skill
ES5C1B3B336F68CA1147,AI Personalization,Specialized Skill
ESA3A35EC16722053FC1,AI Research,Specialized Skill
ES78E007677B506A6BD2,AI Safety,Specialized Skill
ES2EF4EE598CAAF91D6C,AI Security,Specialized Skill
ESEC78D96C639E72D364,AI Testing,Specialized Skill
ESAA77F0192404022E6E,AI/ML Inference,Specialized Skill
ES85AFFFA8A800AA4183,AIOps (Artificial Intelligence For IT Operations),Specialized Skill
KS120CT6H9JD0359XX5L,AISC 360 Specification For Structural Steel Buildings,Specialized Skill
ESCF66D708E232B778DB,AKTA (Chromatography Technology),Specialized Skill
KS120D871VT2YB2V90ZJ,ALGOL (ALGOrithmic Language),Specialized Skill
ES5615A7CD953146E286,ALM Octane,Specialized Skill
KS120F66K15VYY7T9SH4,ALWD Citation Manual,Specialized Skill
KS120G060HKMFJ6XW9FK,AME Accounting Software,Specialized Skill
KS120GB5X6TXMRL1RMNF,AMPL,Specialized Skill
ES94A14D7F42AFF5C472,AMPScript,Specialized Skill
KS120GF6V9G5Q8V2JHF3,AMS Device Management,Specialized Skill
KS7G50L6C94XCNCPVHFR,AMT Asset Management Software,Specialized Skill
ES1A3DE851CDC61EAEE4,AMX Programming,Specialized Skill
KS1267R72H1P0F4J08NQ,AN/PRC-148 Multiband Inter/Intra Team Radio (MBITR),Specialized Skill
KS120HS67929RDK5LFV5,ANSI C,Specialized Skill
KS120HT6MRQ053YRN04Z,ANSI Escape Codes (Computer Standards),Specialized Skill
KS7G1695VNNLQQVMWGQV,ANSI/ANS Standards,Specialized Skill
KS120P36QKS9Q0HT3Y84,ANSI/ASME Y14.1 Standards,Specialized Skill
BGS99C5C8D52F3935CCC,ANSI/TIA/EIA,Specialized Skill
ESB8C30E646A8D126D9D,ANSYS IcePak (Simulation Software),Specialized Skill
KS7G1BR6XS3B87GHVMYH,ANSYS Meshing,Specialized Skill
KS120JB780BFZLM229KT,ANTLR,Specialized Skill
ESEAD6EA096CF2B8B491,ANTS Performance Profiler,Specialized Skill
KS120JG6KF1PGXQF1LWD,AOLserver,Specialized Skill
KS120JJ69JS4Y7D3GT76,AP Stylebook,Specialized Skill
ES47872FF0920889B0CC,APA Ethics Code,Specialized Skill
KS440NJ66PMC7GRTQ5M4,APC Smart-UPS,Specialized Skill
KSS344MJ1FTC11D417OQ,API Design,Specialized Skill
KSSJWZXL7CV40W8V1XSG,API Gateway,Specialized Skill
KSX7P09OI655CWYTVMN8,API Management,Specialized Skill
KS1277P692WQKR53ZQ9S,API Oil-Water Separator,Specialized Skill
ESF1F410BAA4D2BC75A8,API Testing,Specialized Skill
KSLBN610H23NXCFCFLRF,API Throttling,Specialized Skill
KS120276HJHWKR60D4LL,APL (Programming Language),Specialized Skill
KS120LS6BZQJ38QR16LF,APPX (Runtime Environment),Specialized Skill
KS120LX703K7L79K0XMF,AQtime,Specialized Skill
KS128J05YWMVDP8ZS3KP,AR System Administration,Specialized Skill
KS120M86T569CQN08FPW,ARC Macro Language,Specialized Skill
BGSB733F363CB53A6EA4,ARCore,Specialized Skill
KS120M96HHK4LRBHK1MK,ARCserve Backup Solutions,Specialized Skill
KS120MX71N7VKSBKSTGB,AREMOS,Specialized Skill
ES1F82D8A16827C95718,ARGO BankPro,Specialized Skill
KS120N160BXHQ7KC0CCN,ARINC Standards,Specialized Skill
BGS557F9F17E40A13ECF,ARISg,Specialized Skill
KS68WDCYJLS1BCN3375P,ARKit,Specialized Skill
KS120N35W6P190K9B7YT,ARM Architecture,Specialized Skill
KS120N36W0YXDKXMX65R,ARM Architecture Microprocessors,Specialized Skill
KS120N360W96BTJHB9J6,ARM Microarchitectures,Specialized Skill
KS120N374GTJHVC7C3HB,ARM7 Architecture,Specialized Skill
KS120N46X6LFXVZX4PT8,ARM9 Architecture,Specialized Skill
KS120N66VXJ87Z96N80S,ARMulator,Specialized Skill
BGSDA476C6D62DC9ED7C,ARP4754,Specialized Skill
BGS18E5CC426C441FA0F,ARP4761,Specialized Skill
KS120NS7542KRQ27Y9T9,AS2,Specialized Skill
KS120NS75WQMM7B20BK4,AS4 Conformance Profile,Specialized Skill
ESF00BC7F0E7E120BA37,ASAP Methodology,Specialized Skill
KS120NW7376VH62F7SZ2,ASARS-2 Radar System,Specialized Skill
ES56EEB661757C53A3B4,ASC 340,Specialized Skill
ES3B21EEEDAE30A6D435,ASC 606 (Revenue Recognition),Specialized Skill
KS123TQ761C17LV3KCZL,ASC 740 (Accounting For Income Taxes),Specialized Skill
ES9DD1674BB7DBE36AD6,ASC 842 (Lease Accounting Standard),Specialized Skill
KS120HR68F268R48NN2Q,ASC X12 Standards,Specialized Skill
KS120P075CPBQKYR3H07,ASIC Programming Language,Specialized Skill
KS1215R6G5DYNSM74PW5,ASME Boiler And Pressure Vessel Code (BPVC),Specialized Skill
KS120026VL50QFWT2281,ASP.NET,Specialized Skill
ESD3D2440C1EA13521F1,ASP.NET Core,Specialized Skill
ESD01424DDFB5DBF393F,ASP.NET Core MVC,Specialized Skill
KS120P56T2RTSC0HS9S8,ASP.NET Extensions For AJAX,Specialized Skill
KS120P65YPG6CLW2TL7B,ASP.NET Fundamentals,Specialized Skill
ES535CAD45EEE46C3B92,ASP.NET Identity,Specialized Skill
ES4F9308FDC1CD3A66CF,ASP.NET MVC 5,Specialized Skill
KS120P66TSZZ3X8G19X1,ASP.NET MVC Framework,Specialized Skill
ESAFC9B9B186876E1204,ASP.NET Razor,Specialized Skill
ES953681ACD477C14788,ASP.NET Web API,Specialized Skill
KS120Q26B1BK8HSNBS3L,ASTM B117 - 11 Standard,Specialized Skill
ESF64ABAD222DB9526D3,ASTM International Standards,Specialized Skill
KS120QT68NVV4FNFG21L,AT91SAM (Microcontrollers),Specialized Skill
KS120QB77K2SR96QTD07,ATA Packet Interface,Specialized Skill
BGS498A0E20998B285FB,ATG Dynamo,Specialized Skill
KS120QQ64GQM67DYJ0N6,ATL Server,Specialized Skill
ES3FE972B564426E4D97,ATLAS.ti (Qualitative Data Analysis Software),Specialized Skill
KS1202J6V5TM84R59X89,ATM Adaptation Layer,Specialized Skill
KS120QT623D8TCX7251D,ATM Controllers,Specialized Skill
KS7G3CD78LKRR9SHTLLP,ATP/EMTP Software,Specialized Skill
KS120TD6FDZ2X0CD7RJV,AUTomotive Open System Architecture (AUTOSAR),Specialized Skill
ESB57FF02E7DA5194363,AVEVA PI (Software),Specialized Skill
KS121XK73NS1NCHPW9R6,AVEVA Plant SCADA,Specialized Skill
KS120TQ64NLK30XBJ0GW,AVG (Software),Specialized Skill
KS120TY6VMKTW69X09NF,AVL Tree,Specialized Skill
ES28F01A46499C4901E7,AVPlayer,Specialized Skill
ESFE25C17DD6BA66AD98,AVR Microcontrollers,Specialized Skill
KSQWAN516Z8BCODYSV8L,AVRCP (Audio/Video Remote Control Profile),Specialized Skill
KS120V06RSJYTD3653PQ,AVS Video Editor,Specialized Skill
KS120TP63502W6Z88HQR,AVoided Emissions And GeneRation Tool,Specialized Skill
KS120V178L936G0L2P07,AWK (Programming Language),Specialized Skill
ES10A39B7C7A12C9618F,AWS Amplify,Specialized Skill
ES4D45401B3C9E4FC96E,AWS App Mesh,Specialized Skill
ES9D43585B5783E22072,AWS AppSync,Specialized Skill
ES19FD1951EE3CE14D14,AWS Auto Scaling,Specialized Skill
ESD6A7AFB71A448F064D,AWS Backup,Specialized Skill
ESCEC06EC6132930188F,AWS Batch,Specialized Skill
ESDACC71DB32ED55ADD9,AWS Bedrock,Specialized Skill
ESB102892F562410D468,AWS Big Data,Specialized Skill
KSYIJN0ID1F7P2HPDUCJ,AWS CLI (Command Line Interface),Specialized Skill
ES5AA2B2AD2C2B71E863,AWS Cloud Development Kit (CDK),Specialized Skill
ESB3F99C3446845F41F6,AWS CloudFormation,Specialized Skill
ES323762B1E71B5B0976,AWS CloudHSM,Specialized Skill
ES6C84FF059A9F04F65E,AWS CloudTrail,Specialized Skill
ESD020B052E485B421A3,AWS CodeBuild,Specialized Skill
ES2119F2B7CEE19988ED,AWS CodeCommit,Specialized Skill
ES192CD34322D5FBBF42,AWS CodeDeploy,Specialized Skill
ES81E615088FE9EDB504,AWS CodePipeline,Specialized Skill
ESDAEB87897FCB6139E7,AWS Cost Management,Specialized Skill
ES9C55300D115456E39B,AWS Devops,Specialized Skill
ESC1AE8112F1253E3185,AWS Directory Service,Specialized Skill
KSU21FZSFMTTJN9W22FR,AWS Elastic Beanstalk,Specialized Skill
KS4NKXC90M22JM53MO6D,AWS Elastic MapReduce (EMR),Specialized Skill
ESDEF45C01609EB19579,AWS Fargate,Specialized Skill
ESBD8E0AF64EAB01791B,AWS Glue,Specialized Skill
ESFF6FC6EEE083A0AF63,AWS Identity And Access Management (IAM),Specialized Skill
ES363E5FFEDC2CBB5A4D,AWS Inferentia,Specialized Skill
ES283C495870146C865C,AWS Internet Of Things (IoT),Specialized Skill
ES41665F519CF411D0AB,AWS Key Management Service (KMS),Specialized Skill
ES4512E57CF178E77F7B,AWS Kinesis,Specialized Skill
KSE4ME2Z9GRO05SLM3CR,AWS Lambda,Specialized Skill
ES985D71524D15D448AB,AWS Networking,Specialized Skill
KSRBOPVHZ882YQAMZ0BU,AWS OpsWorks,Specialized Skill
ESD6E4DEE1B92A83D69F,AWS Outposts,Specialized Skill
KSMJU7BL3K034AD0AQSX,AWS SDK,Specialized Skill
ES2133DA6434CF028833,AWS SageMaker,Specialized Skill
ES5D2CADD08A092311CF,AWS Serverless,Specialized Skill
ES566A5D07C6EB3C1B92,AWS Systems Manager,Specialized Skill
BGS7C9D9872C41BA7169,AWS User Pools,Specialized Skill
ES39FA70BD453CAEFDCB,AWS X-Ray,Specialized Skill
KS120V36Q74GFF16ZY9V,AX.25 Protocol,Specialized Skill
ES52C92B8516F3CFD53F,Ab Initio (Software),Specialized Skill
KS1202N6LF0C1R6R5L0L,Abaqus,Specialized Skill
KS1202P6CWB7Y5KCB78N,Abc Analysis,Specialized Skill
KS7G5BF640KP9WGMYZXT,Abdomen (Medical),Specialized Skill
BGS15F3422A2954CA9C6,Abdominal Aneurysm,Specialized Skill
KS1202R6Q0F9WFQR874Z,Abdominal Surgery,Specialized Skill
KS1202S6JJ6ZRGXDFHQM,Abdominal Trauma,Specialized Skill
KS1202S6YL4YQPLDHBMS,Abdominal Ultrasonography,Specialized Skill
KS1202T6DM0DBC2PSHLH,Abdominoplasty,Specialized Skill
BGSDC602ABB7FA3250E0,Abend-AID,Specialized Skill
KS1223W73XQS78C2FST2,Ability To Distinguish Colors,Specialized Skill
ES42254E203C502CE862,Abiotic Stress Resistance,Specialized Skill
KS1202Y6YB65J9CFR5YC,Ableton Live,Specialized Skill
KS12030712HLR96L8W57,Abnormal Psychology,Specialized Skill
KS120316H9WBMNRL25JD,Abnormal Return,Specialized Skill
ESB7AF285314779BEFB0,Aboriginal Culture,Specialized Skill
ESD99C7642C5C315E7E0,Aboriginal Heritage Law,Specialized Skill
KS7G5166Y7RLLM3ZFW86,Aboriginal Law,Specialized Skill
ESE1633D8BFAD4998BB5,Aboriginal and Torres Islander Descent,Specialized Skill
KS120316XL4914GMCBQK,Abrasion,Specialized Skill
KS120326ZT67WND9V0YY,Abrasive Blasting,Specialized Skill
KS120336GQFKVT54QV78,Abrasive Saw,Specialized Skill
KS12034717M58DR8H8N9,Abscesses,Specialized Skill
KS127DD61V3GV283FW9F,Absorption (Electromagnetic Radiation),Specialized Skill
KS1206P5XBWRK38BXKJ8,Absorption Distribution Metabolism And Excretion (ADME),Specialized Skill
KS120G474PXV3F5L4P0Q,Absorption Refrigeration,Specialized Skill
KS120355YQKKX0V3C7G8,Absorption Spectroscopy,Specialized Skill
KS120355ZP7F02VG00ZT,Abstract Algebra,Specialized Skill
KS6U98UYDZRIQB1N39JD,Abstract Class,Specialized Skill
KS120356T1XXC7HZSYP2,Abstract Data Types,Specialized Skill
KS12035710BLMKCV8BX2,Abstract Factory Pattern,Specialized Skill
KS1228L6JG2Z7Y9388W1,Abstract Management,Specialized Skill
ESE68202E16FD045AA12,Abstract Of Title,Specialized Skill
KS120P36WR8K8GQ5MC9F,Abstract State Machine Language (ASML),Specialized Skill
KS120366BK68G1RR9HZB,Abstract Syntax Notation One,Specialized Skill
KS120376F8K0V1ZP5JTL,Abstract Syntax Tree,Specialized Skill
KS120376TXG3FMD6JBTS,Abstract Window Toolkit,Specialized Skill
KS1203771F900Q62YB00,Abstraction Layers,Specialized Skill
KS120377169JZ6CD0ZW0,Abstractions,Specialized Skill
KS1203779S07YSRGPYY0,Abutments,Specialized Skill
BGSF15D9E7FB1C59FF6B,Abvent Artlantis,Specialized Skill
ES12F6869E7F07D20F2F,Academic Accommodation Plans,Specialized Skill
ES2DF577C8B1BD54B16C,Academic Advising,Specialized Skill
ES90C03D3E378355D65C,Academic Affairs,Specialized Skill
ES6E63F41FFBFAD7FFC1,Academic English,Specialized Skill
KS1203C6LF2KSBJ3XQBF,Academic Integrity,Specialized Skill
ES8EE9D92AAF51035A8D,Academic Language,Specialized Skill
BGS3E14A419537FA1592,Academic Libraries,Specialized Skill
ES9320CF9A1D6E98E7DA,Academic Papers,Specialized Skill
BGSE7B414CF8CA9FFC1D,Academic Program Management,Specialized Skill
ES5F76E335254194EFA3,Academic Record-Keeping,Specialized Skill
KS1203C6TWBHZ701QZJQ,Academic Standards,Specialized Skill
ES5D1A60A6568B177924,Academic Support Services,Specialized Skill
KS1203D66Q7YK7KQZXJ2,Academic Writing,Specialized Skill
KS1203H6FDVFDL28KW37,Accelerated Life Testing,Specialized Skill
KS1203J5VSM9TS687K7H,Accelerated Math,Specialized Skill
ESC1136D925A4D482637,Accelerated Mobile Pages,Specialized Skill
KS127KV6H0693RKBCRQF,Accelerator Physics,Specialized Skill
KSABZMV03QITJMWF5F99,Accelerometer,Specialized Skill
KS1203J6M8VRNS2CHDR6,Accent Reduction,Specialized Skill
KS1203J777S2BBRNT2J3,Acceptable Use Policy,Specialized Skill
ES95B6F9FEB492CE923D,Acceptance And Commitment Therapy (ACT),Specialized Skill
KS1203K65F6Y8X55C5KJ,Acceptance Sampling,Specialized Skill
KS7G3TD7111MXHVZX6ZN,Acceptance Test Procedures,Specialized Skill
KS120QD6Z139PJ2P46RP,Acceptance Test-Driven Development,Specialized Skill
KS1203K6FQ749NJNRBBX,Acceptance Testing,Specialized Skill
KS1203L6C65NFKLH3SC3,Access Control Facility,Specialized Skill
KS1203L6WHJQQ27V2HTP,Access Control List,Specialized Skill
KS1203M73NFJXHYM04Q0,Access Control Matrix,Specialized Skill
KS1203L5ZBS8NR0T5XN2,Access Controls,Specialized Skill
KSXO0PE5L6W40BBNGYNE,Access Keys,Specialized Skill
KS120D26CCLJ9ZNWPLRN,Access Link Control Application Part (ALCAP),Specialized Skill
KS1203N60YSYG15FJJZF,Access Method,Specialized Skill
KS1203N6XLHLW8LCN1LG,Access Modifiers,Specialized Skill
KS1203M5X6LQVSRTW88J,Access Network,Specialized Skill
KS1203Q7455CLC7HD3Z1,Access Query Languages,Specialized Skill
KS1WUKN3MPX0CVSLDLUO,Access Rules,Specialized Skill
KS1203R63NCPN34ZBVST,Access Stratum,Specialized Skill
ESD413332E481D90281C,Accessibility Compliance,Specialized Skill
BGS3BB51FF58236A580B,Accessibility of Services,Specialized Skill
KS1203R77WX522ZZY7Y7,Accident Analysis,Specialized Skill
ESC91AD295C567CF865F,Accident Prevention,Specialized Skill
ESC339202E7F9A17B4E4,Accident Reporting,Specialized Skill
KS7G1Y070WZ4B8WX7VG3,Accident Response Group,Specialized Skill
KS1203S672G1690F076B,Acclimatization,Specialized Skill
KSV6631ZKTL538Y3QV16,Accordion GUI,Specialized Skill
ES92DE7DA16A1486D5B5,Account Adjustments,Specialized Skill
KS1203S6GR7J8Z6F55LX,Account Aggregation,Specialized Skill
KS1203S6MM7GLDM71WQD,Account Analysis,Specialized Skill
ESC1507EE0A496ACBA72,Account Closures,Specialized Skill
KS1203T6FQ855MDWZ51F,Account Development,Specialized Skill
KSCLJ4U1QAP1TFAJHA5R,Account Growth,Specialized Skill
KS1203T6J7F2P3TG6Y6K,Account Management,Specialized Skill
KS1203V76H2FS8MBWTV0,Account Planning,Specialized Skill
BGS794951D216441A250,Account Reconciliation,Specialized Skill
ESE5AF2B67D7F09902F4,Account Segmentation,Specialized Skill
BGS166A638195D1E2BAE,Account Strategy,Specialized Skill
BGSF02D33809E7BC16D4,Account-Based Marketing,Specialized Skill
KS1203W702ND09XHKJR5,Accounting,Specialized Skill
BGS1250D82C4B027A171,Accounting Analysis,Specialized Skill
ESD72B58C51BB48B5D60,Accounting Cycle,Specialized Skill
KS1203Z62DNTM19LSZZ3,Accounting Ethics,Specialized Skill
ES291EB0AE6A9AEA846C,Accounting For Income Taxes,Specialized Skill
KS1203Y62Y4C11XJ6PHP,Accounting Information Systems,Specialized Skill
ESDEF4173A4C8F26E0E5,Accounting Journal Entries,Specialized Skill
KS1203Z6RPSCXTTVBJTP,Accounting Machines,Specialized Skill
KS1203Z6YQZ0X4XX7RM2,Accounting Management,Specialized Skill
KS1204062MRJ22SC2KZ2,Accounting Methods,Specialized Skill
ES5A48B64B63BC943CF3,Accounting Operations,Specialized Skill
KS120415VRMKCMYR91NZ,Accounting Records,Specialized Skill
BGS3B8203068135B3E7F,Accounting Regulations,Specialized Skill
BGSE6A8B57732225A3CA,Accounting Report Interpretation,Specialized Skill
KS120426SFP27H99QDQV,Accounting Research,Specialized Skill
KS120436N14BN10FM7W8,Accounting Software,Specialized Skill
KS12043750BK3KLG30B5,Accounting Systems,Specialized Skill
KS1203V5WXB7NG26XSR8,Accounts Payable,Specialized Skill
KS120446CSVFYT9NH895,Accounts Payable Automation,Specialized Skill
KS120446FTV4YNJ82ZRV,Accounts Payable Fundamentals,Specialized Skill
ES933706352173CD85A1,Accounts Payable Management,Specialized Skill
BGS55D43185B76FE86C1,Accounts Payable Processing,Specialized Skill
BGSDFC29D987A5559CCD,Accounts Payable Workflow Systems,Specialized Skill
KS1203W6419RJG2KW4QS,Accounts Receivable,Specialized Skill
ES436EC1FA6AD0EB3C4C,Accounts Receivable Management,Specialized Skill
KS1204566FQPKRKW8K9Y,Accounts Receivable/Billing Fundamentals,Specialized Skill
KS120496WQCJDPL7THP5,Accrual Accounting,Specialized Skill
KS120496P0NDBPKP322Z,Accruals,Specialized Skill
KS1204B65GL24XD81P45,Accrued Liabilities,Specialized Skill
KS1204D641X0X10KCHXX,AccuRev SCM,Specialized Skill
KS1204L72RQZ4CRK99WM,AceProject,Specialized Skill
BGSEB1795F36CEC2FAC4,Acetaminophen,Specialized Skill
BGSF9E237EF71556348B,Acetylene Welding,Specialized Skill
KS1204P6HC51FMC81773,Achievement Testing,Specialized Skill
KS1204Q6L6ZWF5QJ4BMY,Acid Hydrolysis,Specialized Skill
KS7G1JM6VS5PXWPD4SG1,Acid Leaching,Specialized Skill
ESC75802F530F4918A41,Acid/Base Chemistry,Specialized Skill
BGS7BC04F9923989C275,Acidosis,Specialized Skill
KS1204V6WQ2PJQYPNBP7,Acids,Specialized Skill
KS1204W6XCN3B7PXSWXY,Acoustic Control Induction Systems,Specialized Skill
KS1206B6B09HH62YWTX7,Acoustic Doppler Current Profiler,Specialized Skill
KS1204Z64LQNMBXNJ10M,Acoustic Emission,Specialized Skill
KS1204Z6ZZQJFLHF8TQD,Acoustic Guitar,Specialized Skill
KS120505XP26774CCY8Y,Acoustic Suspension,Specialized Skill
KS1205066VJ1K3NBRXRY,Acoustical Engineering,Specialized Skill
KS1205067TRXMGZWGTJP,Acoustical Intelligence,Specialized Skill
KS120505YWP3HFSBFK3C,Acoustics,Specialized Skill
KS120556NRS6S7CGFFJC,Acquisition Due Diligence,Specialized Skill
KS7G2WZ612CVXLTJQ9DN,Acquisition Life Cycle Framework,Specialized Skill
KS120556WGBNC5V3VQXQ,Acquisition Processes,Specialized Skill
KS440MF6TWZP53L336ND,Acrochordon,Specialized Skill
KS120586SYV85C3KD16N,Acromioplasty,Specialized Skill
KS12059608LXYNL7H086,Acronis Cyber Protect Home Office,Specialized Skill
ESCD0066FBF8BD7D60F4,Acrylic Paint,Specialized Skill
KS1205D5X9GGKH9TRVVZ,Act! CRM,Specialized Skill
KS440NL759FHR7WC06YM,Actel SmartFusion,Specialized Skill
KS441RQ74BZXRP355M4Z,Actian Vector,Specialized Skill
KS1217F75ZTKTLCWXRTH,Actian Zen,Specialized Skill
KSOJ2OSCVTEVN04XBDPA,Actimize Visual Modeler,Specialized Skill
KS1205D6BBWBWKN458V2,Acting,Specialized Skill
KS1205D6VV4NJ84K48H1,Acting Workshop,Specialized Skill
KSHIFH8H490J0L3H9HPO,Action Filter,Specialized Skill
ESC32497EB3CA758D6E2,Action Learning,Specialized Skill
KS1205F621YRWCHKN5PC,Action Research,Specialized Skill
ESFC85BB17E1365662C2,Action for Climate Empowerment (ACE),Specialized Skill
KS1205F69044JGP21J26,ActionScript,Specialized Skill
KS8HS8CM0ACY6UXJODCA,Actionview,Specialized Skill
KS1205F75D757GCGPVRR,Activated Sludge Treatment,Specialized Skill
KS7G73N6642M8D5F0SV6,Activation Systems Development,Specialized Skill
KS1205G5ZKS8ZZWVPM9Y,Active Directory,Specialized Skill
KS7G4416RRN91MVXW1RX,Active Directory Application Mode,Specialized Skill
KS1205X78SJS091PVX5V,Active Directory Explorer,Specialized Skill
KS1206G6GQ3J165015ZB,Active Directory Federation Services,Specialized Skill
KS1206L6N0ZKCG37DGXT,Active Directory Lightweight Directory Services,Specialized Skill
KS1206S6T1NC7RGSG2MH,Active Directory Migration Tool,Specialized Skill
KS120835Z5V5BBB4S4LL,Active Directory Rights Management Services,Specialized Skill
KS1208366DPPT9R087DC,Active Directory Service Interfaces,Specialized Skill
KS7G3CR68CRNLHQKSJW9,Active Format Description,Specialized Skill
KS1205G6598GCZJ207GT,Active Fuel Management,Specialized Skill
KS120C17027QZ5D2XP70,Active Input Method Manager,Specialized Skill
ES1CAE1F158EEACC761E,Active Integration (Software),Specialized Skill
KS1272B6L0Q19J0Q313P,Active Noise Controls,Specialized Skill
BGSDB91348D73C6E980B,Active Pharmaceutical Ingredients,Specialized Skill
KS120LX6C1T9W0ZMSSMV,Active Queue Management,Specialized Skill
KS1205K6XZ25BV21F5N9,Active Record Pattern,Specialized Skill
KS1205H6HZFQSVSF2RM5,Active Release Techniques,Specialized Skill
KS1205H6JPVBX39XF3F2,Active Safety,Specialized Skill
KS1205M641DHZFNJVVKS,Active Scripting,Specialized Skill
KS120025ZGZCGLN7D345,Active Server Pages (ASP),Specialized Skill
KS1205J6HJMC1ZBX6MJX,Active Stretching,Specialized Skill
KS1205J71XPFD3TWP411,Active Template Library,Specialized Skill
KS1205K5YF59H7KB4PC1,Active Treatment,Specialized Skill
KSCKLO0C6OB2WV83H6XO,Active-HDL,Specialized Skill
ES72AD7E9CA3A2C36AFD,ActiveCampaign,Specialized Skill
KS1205K6F96DJ5B2QKZ3,ActivePerl,Specialized Skill
KS1205K6WNHYDPXBDLRQ,ActivePython (Python Package),Specialized Skill
KS1205M612TM7H755DHG,ActiveReports,Specialized Skill
KS1205M65BKF2V200RX0,ActiveState Komodo (Unix Text Editors),Specialized Skill
KS1205P5VXFJ2ZS5XBJY,ActiveSync,Specialized Skill
KS1205P6N1TCP1ZWL42R,ActiveVOS,Specialized Skill
KS1205K5ZTG520GYS1HB,ActiveX,Specialized Skill
KS1205Q6J27P7BT4PPTQ,ActiveX Data Objects,Specialized Skill
KS1205Q77Q3SVS3TX87M,ActiveX Document,Specialized Skill
KSX5K3A66M9O3TQN3DRW,Activeadmin,Specialized Skill
KSI9QBPRXV7BI1XK7P55,Activecollab,Specialized Skill
KS1205R6C9RH3LF4DTZ0,Activism,Specialized Skill
KS1205R6PNK1B0BJ2X4Q,Activiti (Software),Specialized Skill
KS7G6LB60Z07YL9S1F9W,Activities Of Daily Living (ADLs),Specialized Skill
KS1205T6B20PHP257R85,Activity Diagram,Specialized Skill
KS9IBUH88YSMGKPYVQXD,Activity Manager,Specialized Skill
BGSD0A0F19B568DF027E,Activity Program Development,Specialized Skill
KSZL61W5WB9CRWALSETH,Activity Recognition,Specialized Skill
KS7EUEOBCR73LJ3KZV4O,Activity Sequencing,Specialized Skill
KS1202P6S8HY0WGG2T0Z,Activity-Based Costing,Specialized Skill
ES5FF6B194E331FBF9AA,Activity-Based Intelligence,Specialized Skill
KS7G25J5XR0JPYVN67L5,Activity-Based Learning,Specialized Skill
KSX2IBZ23N66EQ3LAJIL,Actor Model,Specialized Skill
ES4F09507C543CC5D156,Actuarial Consulting,Specialized Skill
ESEB27B4629A5AA9FB16,Actuarial Function,Specialized Skill
ES934946B25324336185,Actuarial Management,Specialized Skill
ES4D626899583B616062,Actuarial Modeling,Specialized Skill
KS1205V6GF4T443R356R,Actuarial Reserves,Specialized Skill
KS1205V67QP3VYT0HKW7,Actuarial Science,Specialized Skill
ESCCD4CBAB66AAA17CB7,Actuarial Valuation,Specialized Skill
ES9351726FCFF4C7FA6A,Actuators,Specialized Skill
KSWZOK7VKW988X1PXD6B,Acumatica,Specialized Skill
ES65E3EB43C6881FFB57,Acunetix,Specialized Skill
KS1204C63M675GWJJ8KH,Acupressure,Specialized Skill
KS1204C6LJCPYSN913LR,Acupuncture,Specialized Skill
KS1205W65W1XZQF8Y1BP,Acute Assessment Unit,Specialized Skill
KS1205W6CC3KVPSFH2Q6,Acute Care,Specialized Skill
BGS67784AE4558379A5C,Acute Care Coding,Specialized Skill
ESF39B883342F5C66544,Acute Care Nursing,Specialized Skill
KS1205X6C5XH8JFZSNBD,Acute Coronary Syndrome,Specialized Skill
KS1205X6FKDKZ57M9S57,Acute Medicine,Specialized Skill
BGS64B5064782968AB3A,Acute Rehabilitation,Specialized Skill
KS7G78Y6227PRRQSCX5V,Acute Renal Failure,Specialized Skill
KS120MW6DKG821LH5041,Acute Respiratory Distress Syndrome,Specialized Skill
BGSF37E50145BF89644B,Ad Hoc Analysis,Specialized Skill
BGS2AE0A0E516CC87422,Ad Hoc Marketing,Specialized Skill
BGS4CDA2E23CE451E247,Ad Hoc Reporting,Specialized Skill
KS1205Y6CQ33MDZ4NZMC,Ad Hoc Testing,Specialized Skill
ES3F5D851237B4FBA0C1,Ad Serving,Specialized Skill
KS1206069X1B5H0PD68Y,Ad Text Optimization,Specialized Skill
KS1208Z6PNZMZPK3BFRC,Ad Tracking,Specialized Skill
KS120606QV7YFPWK14R9,Ad Valorem Tax,Specialized Skill
KS120687181MKWWN82VF,Ad-Aware,Specialized Skill
KS120BQ5ZP3SS5WBMN31,Ad-Hoc Configuration Protocols,Specialized Skill
BGSC364D631C7ECDCBB9,AdWorks,Specialized Skill
KS120616PVGCZYPCQBT3,Ada (Programming Language),Specialized Skill
KS1RQLEJQ4336UADC164,Ada Compliance,Specialized Skill
KS120LS74KR9148JBTTT,Ada Programming Support Environment (APSE),Specialized Skill
KSEJZFLTMFCZ2ZK59YNU,AdaBoost (Adaptive Boosting),Specialized Skill
KSY4D2VHDU0O3N2Z6RLU,Adafruit,Specialized Skill
KS120626MMNXG8CW7WT2,Adaptation Kit Upgrade,Specialized Skill
KS120626NN9R1L891R0R,Adapted Physical Education,Specialized Skill
KS1206379TBMQT0M3JL0,Adapter Pattern,Specialized Skill
KS120645YV880CY6TVWD,Adaptive Behavior,Specialized Skill
KS1206464HGLS1M9JX9W,Adaptive Bitrate Streaming,Specialized Skill
BGS22653951B958CA92B,Adaptive Clinical Trials,Specialized Skill
KS12064702VN5MTWBWCM,Adaptive Communication Environments,Specialized Skill
KS1206475R10SDR7J6K8,Adaptive Control,Specialized Skill
KS1206565YSP9JBDRNLB,Adaptive Design,Specialized Skill
KS120666065MPRHBMHPP,Adaptive Equalizer,Specialized Skill
KS120666PDW0WR65V7HN,Adaptive Equipment,Specialized Skill
KS120666X5J8H1RLZL33,Adaptive Filter,Specialized Skill
KS12067602WL3TMWSGT2,Adaptive Learning,Specialized Skill
KS120676WBBXQLD0159P,Adaptive Optics,Specialized Skill
KS1206861HTP4BQ7HN0W,Adaptive Reuse,Specialized Skill
KSN2HWYVVRG8L9SX2D97,Adcolony,Specialized Skill
ES58833311388024C269,Addiction Counseling,Specialized Skill
KS1206C5WMYP96Y8LPBC,Addiction Medicine,Specialized Skill
ESBB4CE91DA80DB621F4,Addiction Recovery,Specialized Skill
ES3BD18F68E8A6794C76,Addiction Treatment,Specialized Skill
KS120C06T8VLPGMFR6ZR,Additive Increase/Multiplicative Decrease,Specialized Skill
KS1206C61PVXSBBFM58L,Additive Manufacturing (3D Printing),Specialized Skill
KS7G3MD6P5T2XZKJMBD9,Additives,Specialized Skill
KS1206C6GXVZCZC1HQDF,Address Locator,Specialized Skill
KS1206C6Y5BSSM1DM80S,Address Resolution Protocols,Specialized Skill
KS120P271XD46H9V0P7K,Address Space Layout Randomization,Specialized Skill
ESB794BCF580C551C234,Addressable Spend,Specialized Skill
KS1206D6YNB0605TQ4GK,Addressing Modes,Specialized Skill
KS1206F66G1BFHDBJJMM,Addressing Schemes,Specialized Skill
KS1206F6W4SGFLSMSKWZ,Adenoidectomy,Specialized Skill
BGS602EDB011C5E35554,Adenosine,Specialized Skill
ES2C0D278EE5980CAB7C,Aderant (Software),Specialized Skill
BGS50921C7925AA59CE5,Adherent Cell Culture,Specialized Skill
KS1206J5XYR90LBTKZ06,Adhesive Bonding,Specialized Skill
KS1206J5Z2PL4RYMC0GG,Adhesive Capsulitis Of Shoulder,Specialized Skill
KS0U36DG9Y1PX3SEGGKO,Adhoc Queries,Specialized Skill
KS1206J66Y7XNYCYGDBW,Adipose Tissue,Specialized Skill
KS1206J756QN3DXVB6V2,Adjacency Matrix,Specialized Skill
KS120536GNHG2G2KRJXJ,Adjacent Channel Power Ratios (Power Electronics),Specialized Skill
KS1206K65FLW37R4W4Z5,Adjudication,Specialized Skill
BGS89CEE9881039DE274,Adjunct Therapy,Specialized Skill
KS124715ZKY5CJ851WGS,Adjustable Gastric Band,Specialized Skill
KS7G41H6G5744SSC1YS2,Adjusted Gross Income,Specialized Skill
KS1206K6NJCJH0KK2D0K,Adjusting Entries,Specialized Skill
KS1206L6DY3QRRVHJXXW,Adjustment Disorders,Specialized Skill
KS1206L705PY5CVF4SWG,Adlib Software,Specialized Skill
KS1206P65D66ZCYT86NP,Admin Tools,Specialized Skill
KS120946JNKX9WSBJQMF,Administering Emergency Oxygen,Specialized Skill
ES335691142D65A7FCD8,Administrative Agencies,Specialized Skill
KS1206R5X9WMPKSN0T9T,Administrative Law,Specialized Skill
KS1206R5Z51B9JJTD275,Administrative Procedure Act,Specialized Skill
ES2F712D74818EF2888E,Administrative Support,Specialized Skill
KS440JZ70B5XLQQCXKGR,Admiralty Law,Specialized Skill
ES35BFDA33EB05936EA1,Admission Notes,Specialized Skill
KSEJWTKAA1P00B63W2BR,Admissions Operations,Specialized Skill
ESF89D570EA28E60D7D1,Admixtures,Specialized Skill
KSXW88RULL9DBSRO6V1N,Admob,Specialized Skill
KS1206W5VZLZX4Q9HCH4,Adobe AIR,Specialized Skill
KS120586JML0BZT76FZM,Adobe Acrobat,Specialized Skill
KS1206V5WFXYXG27QYFD,Adobe After Effects,Specialized Skill
ESD14A69D76E80039A1B,Adobe Analysis Workspace,Specialized Skill
ESCE54B3376524F9B390,Adobe Analytics,Specialized Skill
ES76304EB16C987C0EC8,Adobe Animate,Specialized Skill
ESF19BC233504428A793,Adobe Audience Manager,Specialized Skill
KS1206W6KX0SLMN5C4BV,Adobe Audition,Specialized Skill
KS1206X605V9JHHBP3FT,Adobe Authorware,Specialized Skill
KS1206Y63HRZ882S36BV,Adobe Bridge,Specialized Skill
ES177E80F5570F236B48,Adobe Business Catalyst,Specialized Skill
BGS8B87CF1B1442D5EB1,Adobe CQ,Specialized Skill
ESCFF3A31D197997435A,Adobe Campaign,Specialized Skill
KS1206Y7570V96J5Y39Y,Adobe Captivate,Specialized Skill
KS120316JD1MNZMX5X06,Adobe ColdFusion,Specialized Skill
KS1206Z74C4PCCZCGMPZ,Adobe ColdFusion Builder,Specialized Skill
KS125NV6CNQGL0SJ78Q2,Adobe Color,Specialized Skill
KS120586P89V8PNPRLJL,Adobe Connect,Specialized Skill
KS120706TBMYLF01VQJY,Adobe Content Servers,Specialized Skill
KS1207075SS9SRQV5RNT,Adobe Contribute,Specialized Skill
KS1206Z6BNJP9QBPHK54,Adobe Creative Cloud,Specialized Skill
KS1207164CW5X2SJPW43,Adobe Creative Suite,Specialized Skill
ES958C3A427552974A7B,Adobe Data Collection Tags,Specialized Skill
KS120716NTRQFBYNVN62,Adobe Digital Editions,Specialized Skill
ES7A8AE6EE43240B535E,Adobe Digital Publishing Suite,Specialized Skill
BGSF6E11B576E021C99F,Adobe Dimension,Specialized Skill
KS12071734H07NT5HS18,Adobe Director,Specialized Skill
KS1207173NLQVT8TZTJS,Adobe Distiller (Software),Specialized Skill
KS1207273LGQ77F43R1K,Adobe Dreamweaver,Specialized Skill
KS120736F9TV660RHCQC,Adobe Edge Animate,Specialized Skill
KS1207373MDR0W0GP8V8,Adobe Elearning Suite,Specialized Skill
KS1207376KPZQ82LQS5H,Adobe Encore,Specialized Skill
BGSAEE9A1E69A55ADE7F,Adobe Experience Cloud,Specialized Skill
KS1207379CZY5WGVFHR2,Adobe Experience Manager,Specialized Skill
ES2D839974770BCC9CC3,Adobe Express,Specialized Skill
KS120756HGMH7JGWF85S,Adobe Fireworks,Specialized Skill
KS120045YXZKS6SPM0XS,Adobe Flash,Specialized Skill
KS1207573GZ9RHWT3SNF,Adobe Flash Builder,Specialized Skill
KS1207774Y2RK4LDXLG8,Adobe Flash Catalyst,Specialized Skill
KS120786DK788XJ3361S,Adobe Flash Lite,Specialized Skill
KS120786YVFQZFMMJRG2,Adobe Flash Player,Specialized Skill
KSCPRAAW7MMV2AYLY3S9,Adobe Fonts,Specialized Skill
KS1207B6K2PXN0LKN1S3,Adobe FrameMaker,Specialized Skill
KS1207B70WD9LT9V1R0V,Adobe FreeHand,Specialized Skill
KS1207B77HYDH8RHX4DZ,Adobe GoLive,Specialized Skill
KS1206V6K46N1SDVJGBD,Adobe Illustrator,Specialized Skill
KS1207C76TX2QJ60PKQS,Adobe ImageReady,Specialized Skill
KS1207D6BL4H9JW6ZSJ3,Adobe InCopy,Specialized Skill
KS1207D5ZZHHQZ7JBD7G,Adobe InDesign,Specialized Skill
KS1207D6RSLQV9L6HCWD,Adobe JRun,Specialized Skill
KS1207G6N0N6SZSTV3DZ,Adobe LiveCycle,Specialized Skill
KS1207C78FD863K1PG9H,Adobe LiveMotion,Specialized Skill
KS120716DFTKQ29K59JN,Adobe Livecycle Designer,Specialized Skill
KS1207G6STYNDYHXPGDN,Adobe Marketing Cloud,Specialized Skill
ESBFA33FEE27E66621C8,Adobe Media Encoder,Specialized Skill
KS123ZX6XXYXKL423C9J,Adobe Media Server,Specialized Skill
KS1207G75NS02KCHZL5R,Adobe PageMaker,Specialized Skill
KS1207H6MZKGJVMXN5J0,Adobe PageMill,Specialized Skill
KS1207J63WJDMSLDVB26,Adobe Persuasion,Specialized Skill
KS1206Y6W7F5JS3VBTFL,Adobe Photoshop,Specialized Skill
KS1207K5VM56GXJMCP4L,Adobe Photoshop Album,Specialized Skill
KS1207K71MM9PDHFWWRZ,Adobe Photoshop Elements,Specialized Skill
KS1207F78FG773P5VR7G,Adobe Photoshop Lightroom,Specialized Skill
KS1207L6WNBYPMZB1GNB,Adobe Premiere Elements,Specialized Skill
KS1207L6QQP6TYRGY3L9,Adobe Premiere Pro,Specialized Skill
BGSED0BC8C45FB612CC7,Adobe Premiere Rush,Specialized Skill
KS1207M6DKP8KBFT62S5,Adobe Presenter,Specialized Skill
KS1207N691JV5KJ3CN99,Adobe RoboHelp,Specialized Skill
ES93BD83C4FFB8754631,Adobe Sensei,Specialized Skill
KS1207N71R7SDPVN1W7D,Adobe Shockwave,Specialized Skill
KS1207P647YQRH5RRSFK,Adobe Soundbooth,Specialized Skill
ESAAC6170044EF075471,Adobe Stock,Specialized Skill
KS1207P6M03J2R597SZY,Adobe Streamline,Specialized Skill
BGS4CC5E29C3702D3F71,Adobe Substance,Specialized Skill
ESDC8E0D58C5B64B5F71,Adobe Target,Specialized Skill
KS1207P6Y8Z92DV668B7,Adobe Technical Communication Suite,Specialized Skill
KS1207Q6HQYNT48R53RM,Adobe Type Manager,Specialized Skill
KS1207Q6HV8H2RJ2LGGL,Adobe Ultra,Specialized Skill
KS120735Y8H9JNL9QZQ7,Adobe Version Cue,Specialized Skill
KS1207R6T94F3PGT2V1R,Adobe Visual Communicator,Specialized Skill
ESA22D7D65A3B76F8DFA,Adobe Workfront,Specialized Skill
ESC27AAFB5C81308A6AA,Adobe XD,Specialized Skill
KS1207X63BY0J4Z11MZ9,Adolescent Medicine,Specialized Skill
KS1207V6KHJB7JDL83TC,Adolescent Psychology,Specialized Skill
ES246CF943DD76C94088,AdonisJS,Specialized Skill
KS1207Y5XBMWD4PCQWW7,Adoptions,Specialized Skill
ES3557396B7F15EE8814,Adrenal Diseases And Disorders,Specialized Skill
ES6471953B3428F53771,Adrenal Glands,Specialized Skill
KSM2VGYW98LGDQDPN5Q7,Adserver,Specialized Skill
KS120855XH3KPLRQ875Q,Adsorptions,Specialized Skill
KS120866DJSSGBS69878,Adult Cardiopulmonary Resuscitation (CPR),Specialized Skill
KS1208762ZSYJ2ZDRPW8,Adult Development,Specialized Skill
KS1208669HP9529CXZ7Z,Adult Education,Specialized Skill
KS120GY6915LHNPWDZBG,Adult Learning Principles,Specialized Skill
KS120886XHBD6L4R8QLY,Adult Protective Services,Specialized Skill
ESA4266CDE469B83815E,Adult Safeguarding,Specialized Skill
KS680TZ5VW47T9ZQRPKD,Advance Fire Fighting,Specialized Skill
KS7G8HG6FWVF3JV8V4FB,Advance Ship Notice,Specialized Skill
ES8ACF9E081316CBF557,Advance Steel (CAD Software),Specialized Skill
KS1202H6Y5L6HZYN4X81,Advanced Access Content Systems,Specialized Skill
ESB17C5AF46AFE08157D,Advanced Analytics,Specialized Skill
KS686CN6SRW73YWDL7Q7,Advanced Audio Coding (AAC),Specialized Skill
KS1202J6D7CPHXQCM4YB,Advanced Authoring Format,Specialized Skill
KS1202M5WG4B7X3VVF6Y,Advanced Business Application Programming (ABAP),Specialized Skill
KS1208B6LTXJPQQWFKT4,Advanced Case Management,Specialized Skill
KS1208C5WH0X91RKJXBZ,Advanced Chemistry Development,Specialized Skill
KS120596KLSXWYFFX577,Advanced Civil Speed Enforcement Systems,Specialized Skill
KS1204H65SNYNBJM6GC7,Advanced Combat Direction Systems,Specialized Skill
KS7G1BN6PF07VPQ78L0S,Advanced Communication Server,Specialized Skill
BGS5AB0D0F3639D7C74A,Advanced Composite Materials,Specialized Skill
KS120536G89N14TWXTQB,Advanced Configuration And Power Interface (ACPI),Specialized Skill
KS1205B6BRQ2B0RN56KH,Advanced Continuous Simulation Languages,Specialized Skill
KS1208C64NTYB35XY24P,Advanced Design Systems,Specialized Skill
KS1208C6D8DGHVYQTSLR,Advanced Disaster Management,Specialized Skill
KS1208D6DPSBFG0RFCVR,Advanced Distributed Learning,Specialized Skill
KS1208G6GL6FVT9HR27X,Advanced Distribution Automation,Specialized Skill
KS1206869CDY93T2SG1P,Advanced Driver Assistance Systems,Specialized Skill
KS682P46TV7CKCJM807Z,Advanced Encryption Standard (AES),Specialized Skill
KSCMIQYRY5N1KFGYF562,Advanced Filter,Specialized Skill
KS1208H6KDDZT67LSJZR,Advanced Function Presentation,Specialized Skill
KS1209W69WS0X7CRNY5T,Advanced Function Presentation Data Stream,Specialized Skill
KS120BP5Z9YRL398RL0H,Advanced Gunnery Training System,Specialized Skill
KS120BS74QTF8V9ZT8V5,Advanced Health Management Systems,Specialized Skill
KS120BP78CV5PXY2700H,Advanced Host Controller Interface,Specialized Skill
KS7G2LW6K0KKPR77FYVB,Advanced Imaging Technology,Specialized Skill
KS7G1WW6VZ4770V1HDB7,Advanced Inspection And Protection,Specialized Skill
KSSONUAUOIDVY6LDQYFF,Advanced Installer,Specialized Skill
KS120C173XK57Z1QNQ6X,Advanced Interactive Multidimensional Modeling System (AIMMS),Specialized Skill
KS120CX61H57V5HJ87DQ,Advanced Joint Effectiveness Model,Specialized Skill
KS120DS78G228VNR4MVZ,Advanced Linux Sound Architecture,Specialized Skill
ESA083B17F5E186BA17A,Advanced Logic,Specialized Skill
KS1208J6M2HW5LQSVTJ6,Advanced Manufacturing,Specialized Skill
BGS8982E6912227FC982,Advanced Manufacturing Equipment,Specialized Skill
ES665E24CD3C689EAD3D,Advanced Mathematics,Specialized Skill
KS120B06L9B3YXWMGZBG,Advanced Meat Recovery,Specialized Skill
KS120GF660L7ZNSDMWYF,Advanced Message Queuing Protocol,Specialized Skill
KS120FS6BLSM312DKD5B,Advanced Microcontroller Bus Architecture,Specialized Skill
ES690B5342E0789A2E16,Advanced Negotiation,Specialized Skill
KS1208L6HHH356L3LD6Q,Advanced Packaging Tool,Specialized Skill
KS1208P6NWJPJ2LQ5RTY,Advanced Process Control,Specialized Skill
KS120896FLF5PTGDQDSF,Advanced Product Quality Planning,Specialized Skill
KS120M965DXMVRSSG9VK,Advanced RISC Computing,Specialized Skill
KSFTJ98A9S38ZAKC5LZY,Advanced Rest Client,Specialized Skill
BGS7DDD8B969E8795352,Advanced Robotics,Specialized Skill
KS1208Q6B0FFYBZ5VPMB,Advanced Search Advertising,Specialized Skill
KS1208R6QKKY6N04C2PJ,Advanced Search Engine Optimization,Specialized Skill
BGSBC619483206BC7A01,Advanced Security Analytics,Specialized Skill
KS7G02T65865MJ0KG391,Advanced Stream Redirector,Specialized Skill
KS7G14C73HNY6NC86DXG,Advanced Technical Information System,Specialized Skill
KS7G4BT5YPC0F9KMZN41,Advanced Television,Specialized Skill
KS120R1629X78KPB8JQF,Advanced Television Systems Committee - Mobile/Handheld (ATSC-M/H) Standard,Specialized Skill
KS441GV63RKJLFDXZCV5,Advanced Traffic Management Systems,Specialized Skill
KS120QD63J0RVNX5RWHT,Advanced Train Control System,Specialized Skill
KS120TL6X8RVKN0N122J,Advanced Video Coding High Definition (AVCHD),Specialized Skill
KS120V165SMXX75XWF9B,Advanced Volatile Threat,Specialized Skill
KS1208S70FYG18RSVNF9,Advantage Database Servers,Specialized Skill
BGS3D8B66B3292FF8DBE,Advent Geneva,Specialized Skill
KS1208V752MFMP8P97ND,Adventure Education,Specialized Skill
KS1208V76GQY9N6M6WKT,Adventure Game Studio,Specialized Skill
KS1208V7745NLPY8MTVK,Adventure Therapy,Specialized Skill
ES81D2EA8C54BE9D647B,Adversarial Machine Learning,Specialized Skill
KS1208X63GTKPNSTSMSZ,Adverse Drug Reactions,Specialized Skill
KS7G4Z567ZJLSSM5L797,Adverse Event Monitoring,Specialized Skill
KS1208X6C85MC4WB52KF,Adverse Possession,Specialized Skill
KS7G0S16FTG6TB0QZD2F,Advertisement,Specialized Skill
KS1208X76FB40ZXZXY03,Advertising Campaigns,Specialized Skill
BGSFA5AE23CF429B13EC,Advertising Copywriting,Specialized Skill
ES148184018E464A697A,Advertising Design,Specialized Skill
KS1206N5Z0RV0FSPL3T4,Advertising Mail,Specialized Skill
KS1208Y6JS530QTYVQFC,Advertising Management,Specialized Skill
KS1205Z6NX9441WML598,Advertising Networks,Specialized Skill
BGS7A9D55DA7E347B59E,Advertising Operations,Specialized Skill
KS1205Z6VB9ZZV95BGK1,Advertising Sales,Specialized Skill
BGSCDC0F18E2D921188F,Advertising Strategy,Specialized Skill
KS1208Z6QCBFCJ79KJK4,Advertorials,Specialized Skill
KSNP6QCY5YHC5NCJMCL1,Adview,Specialized Skill
KS1209163D3KBT4MN35W,Advisory Circular,Specialized Skill
KSJ1E41H65BM1QXAN1S9,Advisory Work,Specialized Skill
KS120916QTCS9F7F96HJ,Advocacy Journalism,Specialized Skill
KS120916WX6HSDS3J3TW,Adware,Specialized Skill
ES8D90E36A204672A3AA,Adyen,Specialized Skill
KS120926XY762T334TT7,Aegis Ballistic Missile Defense Systems,Specialized Skill
KS120936Z1M83H8ZK13M,Aegisub,Specialized Skill
KS120946LF2WYQKRND6T,Aerated Lagoon,Specialized Skill
KS1209579K7LGT45YXJB,Aeration,Specialized Skill
KS120965Z7CVPCGS59SH,Aeration Systems,Specialized Skill
KS7G15V784TZT337T7GV,Aerators,Specialized Skill
KS120976DXYCR9B9JRVZ,Aerial Cable,Specialized Skill
KS120CD62GGNQZLSN6M9,Aerial Firefighting,Specialized Skill
KS120985XPDBY9DBV969,Aerial Lifts,Specialized Skill
KS120985XFJN5G60SFZR,Aerial Photography,Specialized Skill
KS120996SBLB9JRX8XXX,Aerial Reconnaissance,Specialized Skill
KS120997283GW8KLDSJX,Aerial Refueling,Specialized Skill
KS1209D6J7N1DW6JDYZG,Aerial Surveys,Specialized Skill
KS126FV6T209NF6GJ5Y8,Aerial Work Platforms,Specialized Skill
KS1209F68TM1NTQHTPL7,Aerobic Conditioning,Specialized Skill
KS1209F6D6CZSTLB13SG,Aerobic Exercises,Specialized Skill
KS121DG62P1WFXMJL43F,Aerobic Kickboxing,Specialized Skill
KS1209F660JL3DSR0SM0,Aerobic Organisms,Specialized Skill
KS1209G6J8YRRLRDQ03Y,Aerobics,Specialized Skill
KS1209G6P94NTW2J0SKG,Aerobiological Engineering,Specialized Skill
KS120FZ6MVR0BZYJXNJJ,Aerodrome Mapping Databases,Specialized Skill
KS1209K76ZTM601J3NPF,Aerodynamic Heating,Specialized Skill
KS1209F6043FBM176TN4,Aerodynamics,Specialized Skill
KS1209H6303F3SF1Y98H,Aeronautical Information Service,Specialized Skill
KS120G26D8DTYM7BSZTH,Aeronautical Message Handling Systems,Specialized Skill
ESB22FCF02B09B9FF452,Aeronomy,Specialized Skill
ES57E1C6CC4597703C88,Aeroponics,Specialized Skill
KS1209K69L6N7PHDGY71,Aerosol Science,Specialized Skill
KS120NW6870576R13WCS,Aerospace Basic Quality System Standards,Specialized Skill
KS1209G79Q8ZZ51G18SJ,Aerospace Engineering,Specialized Skill
KSC3K9O31JOF9QWYIX9X,Aerospace Industry,Specialized Skill
KS1209K6B3LX65SPX70Z,Aerospace Materials,Specialized Skill
KS1209K6NCCC2M9NW998,Aerospace Physiology,Specialized Skill
ESA4A30C6B2646BA3260,Aerospace Protocols,Specialized Skill
ES70CC1DE6CFF91D8B8A,Aerospace Technology,Specialized Skill
KSKRX0QRO1I99A324NAK,Aerospike Database,Specialized Skill
KS1209K70N71FBT369WK,Aerostructure,Specialized Skill
ESD1424C8F51007680B7,Aesthetic Design,Specialized Skill
KS1209P6CF5CFXDZ1QPV,Aesthetic Medicine,Specialized Skill
BGSCD41C70D520669212,Afferent Pupillary Defects,Specialized Skill
KS1209S69TNN3XG74SPB,Affiliate Marketing,Specialized Skill
KS1209S6RQ60C4TPZ4KJ,Affiliate Networks,Specialized Skill
KS1209S72JNRQR98GW9F,Affinity Chromatography,Specialized Skill
BGSA422BC2D72B32717E,Affinity Designer,Specialized Skill
KS1209T5XTZ01J3NS327,Affinity Marketing,Specialized Skill
BGSF421D0746FA682119,Affinity Photo,Specialized Skill
BGSA99F94D6D4A2B2A13,Affinity Publisher,Specialized Skill
BGSEDF0C2005B8E7264D,Affirmative Action Compliance,Specialized Skill
KS1209T6067D8QX7VM3K,Affirmative Defense,Specialized Skill
KS1209T77X4VMG6GKTZS,Affymetrix GeneChip Operating Software,Specialized Skill
KSXDCSEQS48D0MW9RVAQ,Aforge,Specialized Skill
KS1209X60JGM693XY6F6,African Dances,Specialized Skill
KSR43CNSBNTTP538JW4E,African Studies,Specialized Skill
ESDB1BF2EB851AEE157B,African-American History,Specialized Skill
ESD8F94FA156C6298D7D,African-American Literature,Specialized Skill
ES5D339161EE981DF64D,African-American Studies,Specialized Skill
ES8844E11D19457EC3AD,Africana Studies,Specialized Skill
ESBBBBACBA39B30028C8,Afrikaans Language,Specialized Skill
KS120B06XR4VDPVDMC86,After Sales Support,Specialized Skill
KS120B06LT2Q0W5H87GQ,Afterburner,Specialized Skill
KS7G1TH70G8J08TS4DD4,Aftercare,Specialized Skill
KS120T86G254GBWVRD61,Aftermarket Modifications,Specialized Skill
BGS70D1A942175516C1E,Aftermarket Sales,Specialized Skill
KS120B16BLKG4QR768NT,Agarose Gel Electrophoresis,Specialized Skill
KSRMPTI9M1EFJRPP8TFN,Agency Law,Specialized Skill
ESC253105AC7AD074AA6,Agency Management,Specialized Skill
KS120B26YY2GWSF7P44T,Agent Extensibility Protocols,Specialized Skill
KS120B261TTK27B1CGDT,Agent-Based Model,Specialized Skill
ES3810A544952569CB64,Agentic AI,Specialized Skill
ES852186EE721E4A4C95,Agentic Systems,Specialized Skill
KS120B561WMSBJ5G3MJT,AggFlow,Specialized Skill
KS120B56TCZG2J6WPDJ9,Agglutination,Specialized Skill
KSF4VDJCC2ZZ9XTSZRRQ,Aggregate Functions,Specialized Skill
KS120DT6HCHHCFXBLJR9,Aggregate Level Simulation Protocol,Specialized Skill
KS120B668QQHWZWMFCMG,Aggregate Planning,Specialized Skill
ES34724C262805809F97,Aggregate Reporting,Specialized Skill
KS120B667BGY529N1MF1,Aggregation Analysis,Specialized Skill
ESF4A28B6A7C06C693D2,Aggregation Framework,Specialized Skill
KSXCSC7MYGGXZPG9BON8,Aggregator,Specialized Skill
KS120B75YD1R11PPH918,Aggression Replacement Training,Specialized Skill
ES1C50BC9BA29155B243,Agile Auditing,Specialized Skill
BGS8094E7CD76B444A65,Agile Coaching,Specialized Skill
KS120B877X78XJ03K8VX,Agile Leadership,Specialized Skill
KS120B96BV0RVFP988G4,Agile Management,Specialized Skill
KS120B874P2P6BK1MQ0T,Agile Methodology,Specialized Skill
KS120FZ77Y2HF9CRQS2J,Agile Model Driven Development,Specialized Skill
KS120B96G7913WVKPLLS,Agile Modeling,Specialized Skill
ES2D2CA3BC2F2587FAAC,Agile Product Development,Specialized Skill
ES604F3CA3845047D040,Agile Product Management,Specialized Skill
ES5084E497CF6A499186,Agile Project Management,Specialized Skill
ESDA3100E54C874B7AAD,Agile Projects,Specialized Skill
ES9C0ADA3C9397DD6AED,Agile Software Development,Specialized Skill
KS120BB62Q72FBYRG5XC,Agile Testing,Specialized Skill
KS120BB6TZJLWQ8T3QK9,Agile Unified Process,Specialized Skill
KS120BB71J8L2SLL2RVW,Agilent ChemStation,Specialized Skill
KS120BC6BLYD8GXK5DSW,Agility,Specialized Skill
KS120B16VXYQQWNJ9M69,Aging Processes,Specialized Skill
KS120BG6ZM1GMLSN3RN2,Agribusiness,Specialized Skill
ESED5796F37AA58B6AD5,Agricultural Biotechnology,Specialized Skill
KS120BH6BG1SKJ41NYNV,Agricultural Chemistry,Specialized Skill
KSMOAVQNQGZ1H1CTHKNF,Agricultural Commodities,Specialized Skill
KS1204L7888Q7PBYLMRB,Agricultural Consumer And Environmental Sciences,Specialized Skill
ESC4CA48F9C73D02BF59,Agricultural Economics,Specialized Skill
KS120BH6H60Z842DNTMW,Agricultural Education,Specialized Skill
KS120BH6PS2QLCCZ7Q3H,Agricultural Engineering,Specialized Skill
KS120BH6S5CVH38SVS81,Agricultural Equipment,Specialized Skill
KS120BJ6N7B4XST6WYMW,Agricultural Microbiology,Specialized Skill
ESA4787954999202362B,Agricultural Policy,Specialized Skill
KS120BK6RN5NN5LVV63N,Agricultural Productivity,Specialized Skill
ES8BC47EAFAD28454C74,Agricultural Sales,Specialized Skill
ES7B7C010AA9A09E0EBC,Agricultural Science,Specialized Skill
ESA2D0620B36194A09BC,Agricultural Tractors,Specialized Skill
KS120BL5Y82H6T9F0F1B,Agriculture,Specialized Skill
KS120BL64X2GN3MV855J,Agrobacterium,Specialized Skill
KS120BL6H9Z8TPFTZ1C2,Agrochemicals,Specialized Skill
ESC82FB481642DDF627E,Agroecology,Specialized Skill
ESA0EFE56CC2D1D63A1B,Agroforestry,Specialized Skill
KS120BM62HXQNFC2Y97Q,Agroinfiltration,Specialized Skill
ES3138113FCCC45863D9,Agronomy,Specialized Skill
ES5FACBAC5EBCB97F434,Aha! (Software),Specialized Skill
KS120BT66YR3420737B6,Ahrefs Site Explorer,Specialized Skill
KS120C06M0F3Z2PXLRSX,Aikido,Specialized Skill
KS120C179VVM5SNQ156R,Aimaq Dialects,Specialized Skill
ES51DCC2345B773042C4,Aimsun,Specialized Skill
KS7G4BZ6YYJX84KS61V3,Ainu Language,Specialized Skill
KS1258N6LM1DD75W9GBW,Air And Ocean Freight Forwarding,Specialized Skill
KS120C377Q90R3BF9NGD,Air Assault,Specialized Skill
KS120C4654W8FTSMB9VP,Air Brakes,Specialized Skill
KSKP8KZFOPLC3JSMVRTS,Air Brush,Specialized Skill
KS7G22M6GJYQFFWGQX4W,Air Carbon Arc,Specialized Skill
KS120C271VQT1KKLDWV7,Air Carbon Arc Cutting,Specialized Skill
KS120C4717JP12V5P6C7,Air Cargos,Specialized Skill
BGS8822BBB2573D06905,Air Conditioner Installation,Specialized Skill
BGSA3A2D29BED58B974E,Air Conditioning Repair,Specialized Skill
ES95E4E904B0394E94A0,Air Distribution Systems,Specialized Skill
BGS155A284090270992E,Air Filter Replacement,Specialized Skill
KS120C7745Q0X2ZSTK31,Air Filters,Specialized Skill
ESFD631C35F932B14FFD,Air Flow Tests,Specialized Skill
KS1209R6RFPWV58K6TBF,Air Force Equipment Management Systems,Specialized Skill
BGS4C2D49E6E50340A44,Air Force Network,Specialized Skill
KS1209Z60GGVP096PPZH,Air Force Satellite Control Networks,Specialized Skill
BGS8383DF0AB459593A1,Air Force Technical Order (TO),Specialized Skill
KS7G2J76K21177K25J0V,Air Hammers,Specialized Skill
KS120C86DG3D0FFMXKNY,Air Handler,Specialized Skill
KS120C86DZDQSYF9TDYV,Air Navigation,Specialized Skill
BGSFB016B8E7C8FDB39B,Air Permitting,Specialized Skill
KS120C874QM7G9SJCZL3,Air Pollution Control,Specialized Skill
KS120CC6CSHSXNVW82TX,Air Quality,Specialized Skill
KS120CC6RZFTMKHL5RJS,Air Quality Control,Specialized Skill
BGS312FBE7B83AD8129F,Air Sampling,Specialized Skill
BGS2F302936F69A77BB3,Air Sealing,Specialized Skill
ESDC78452CBA8CF4F1EF,Air Separation,Specialized Skill
ESA8BD9A9E5954CD0AC9,Air Source Heat Pump,Specialized Skill
KS120CC700VML24Z1VCZ,Air Stripping,Specialized Skill
KS120CF6HN55WXY0GZ14,Air Traffic Control,Specialized Skill
BGSFEC0BD96C431003B7,Air Traffic Flow,Specialized Skill
ESFD29E179C90BAADC68,Air Traffic Management,Specialized Skill
KS120C66YSVHPZGG3T6Y,Air-Cooled Engines,Specialized Skill
KS120C86STBXWJHQTYP0,Air-Operated Valve,Specialized Skill
ESD8A44F4F609EFB2131,Air-Sea Interaction,Specialized Skill
ES980F52E63A47DE16E5,AirMagnet (Site Survey Software),Specialized Skill
KS120CQ6SG1FZ32G3FRX,AirSnort,Specialized Skill
KS120V16TYXT86D14MQB,Airborne Warning And Control Systems,Specialized Skill
KS120CG6SZGHR19TTTGR,Airbrush Makeup,Specialized Skill
ES5B15810AD791864C19,Airbyte,Specialized Skill
KS120CH736SFBPSX4KH3,Aircrack-Ng,Specialized Skill
BGSD62D30138B99A9E22,Aircraft Accident Investigation,Specialized Skill
BGSD364FBC2A0F30A6A8,Aircraft Analysis,Specialized Skill
KS49PKRED7E2MN5JOVQE,Aircraft Assembly,Specialized Skill
KS1203D6XQRDVXMDNS98,Aircraft Communication Addressing And Reporting Systems,Specialized Skill
KS7G83H6SMKRLFDXJQNC,Aircraft Design,Specialized Skill
KS120CJ6PLGZLHWF8PZC,Aircraft Electronics,Specialized Skill
KS120CL646RTC5DXLNDJ,Aircraft Handler,Specialized Skill
KS120CL67ZY0DLFVP9XS,Aircraft Interiors,Specialized Skill
KS120CQ6C00JFDYPBW0Q,Aircraft Inventory And Readiness Reporting System (AIRRS),Specialized Skill
BGS5E20414E90CA74496,Aircraft Leasing,Specialized Skill
KS120CL621K5RQZCY0R1,Aircraft Maintenance,Specialized Skill
KS120CL6SFQ0YXFLVR1Y,Aircraft Records,Specialized Skill
KS120CL78FWF40ZP69BD,Aircraft Seats,Specialized Skill
KS4BT2LI70V8ITBM6E4L,Aircraft Technology,Specialized Skill
KS3NPBYY6HOAQYJVJQOJ,Aircraft Weapons,Specialized Skill
ESCD404016215085B47E,Airfield Operations,Specialized Skill
KS120C85ZDRJQ777101W,Airflow,Specialized Skill
KS8QJ8CPTGF2YHCF31KA,Airline Catering,Specialized Skill
ES9DEB827A600AC2803F,Airline Economics,Specialized Skill
BGS5DD803E7473CDB389,Airline Management,Specialized Skill
KS120CN66516B486D2H9,Airline Reservations Systems,Specialized Skill
KS120CP666RZ4YFLDSQV,Airman Leadership,Specialized Skill
KS120CP6MD07VSFS6N61,Aironet Wireless Communications,Specialized Skill
KS120CP6W0KVJY0PW4Q2,Airplay,Specialized Skill
KSUWHJFOM8DLMO6ZKHDF,Airport Authorities,Specialized Skill
KS1204G5Z495HW02FGJ0,Airport Concessions Disadvantaged Business Enterprise (ACDBE),Specialized Skill
KS120KB6YC4HMBSR59GK,Airport Express (Apple Inc. Peripherals),Specialized Skill
KS120F85ZG7MW4SDJM3X,Airport Movement Area Safety Systems,Specialized Skill
ES8F4BBE0ADC058D5137,Airport Security,Specialized Skill
KSBG9TMKCAIKX6H8XZZU,Airport Transportation,Specialized Skill
KSJV2WDBB77JPT1M573W,Airprint,Specialized Skill
KS120CQ6TKQJZ8JQRSN1,Airspace,Specialized Skill
ESA812EE987E30DFD8FD,Airtable,Specialized Skill
ES408A65779718C81484,Airtightness Testing,Specialized Skill
KS1AXEV820JRITFOSHBH,Airwatch,Specialized Skill
KS120CQ779XFR669JY07,Airway Management,Specialized Skill
KS7G0VY76BDVT3BV2S35,Airway-Breathing-Compressions,Specialized Skill
KS120CR6F73387C47KZL,Airworthiness,Specialized Skill
ES7947C5DF69201A2341,Airworthiness Engineering,Specialized Skill
KS2XMQ8ZOUKBC30CV9D7,Ajax.net,Specialized Skill
KS120CX5X46C1TW8STBM,Ajax4jsf,Specialized Skill
ESF243EC8E22506971A9,Ajera (Accounting Software),Specialized Skill
KS2ZNHSFEVYKZNPB5R2K,Akamai,Specialized Skill
KS7G3LS68MJ3FTGCYPP0,Akan Language,Specialized Skill
KS120CY6PMGSK86N013P,Akka (Toolkit),Specialized Skill
KSULGPKBWJXVE0WQWTDN,Akka.net,Specialized Skill
KS120CY70MMPBDBHPJ7M,Akkadian Language,Specialized Skill
KS4TMR7OFCW1P23C23GZ,Alamofire,Specialized Skill
KS120D06WH7V83H44D9T,Alarm Devices,Specialized Skill
KS120D1644R1KZ04VC15,Alarm Management,Specialized Skill
KS120D16B6HDSBBQ68N1,Alarm Monitoring,Specialized Skill
ES64EFCD465DF69A4D8A,Alation Data Catalog,Specialized Skill
ESDF8FB8B3D72EBC8DC6,Alchemer (Surveygizmo),Specialized Skill
KS120D26K8T0HRDL467X,Alchemy Catalyst,Specialized Skill
KS120D36Q8BFD9H099F2,Alcohol Education,Specialized Skill
BGSCF96E8ECD657B2AD6,Alcohol Rubs,Specialized Skill
KS120D373YHK86FRVMSK,Alcoholic Liver Disease,Specialized Skill
ESF4940C62F7A1849792,Aldrete Scoring System,Specialized Skill
KS120D5719LQ4VK55SGD,Alembic (Data Migration Tool),Specialized Skill
ES2C36521AAEF98A8EA0,Alerton (Building Automation System),Specialized Skill
ES32CD3C43AC67EE4B7F,Alexa Skills Kit,Specialized Skill
ESCAD0FEDCA8DD6E8853,Alfabet (Software),Specialized Skill
KS120D66SVT2NNXS1P1B,Alfresco ECM,Specialized Skill
KS120D75VWSCTG85F3F0,Algae,Specialized Skill
KS120D76BVLDMHRQVH8L,Algaecide,Specialized Skill
KS120D860H0P77RH6GND,Algebra,Specialized Skill
KS120D865Y9SK8NXBD84,Algebraic Modeling Language,Specialized Skill
KSIMOW77X2380L1CW6UJ,Algolia,Specialized Skill
KS120D96H7R27D70W4Q0,Algorithm Analysis,Specialized Skill
KS120D976LFGP57NKY7P,Algorithm Design,Specialized Skill
KS120D86SP2JCLXPQ3ZX,Algorithmic Trading,Specialized Skill
KS120D96FHL88PZDKZKH,Algorithms,Specialized Skill
KS120DD655ZR3YDH89TP,Aliasing,Specialized Skill
ESF566A21E110A2D0187,Alibaba Cloud,Specialized Skill
KS120DD6YX75Z6Q32HL4,Alibre Design,Specialized Skill
ES5432AD0019D7278E53,Alice Concierge (Software),Specialized Skill
ESA3324EC7383F333C37,AlienVault,Specialized Skill
KS120DD78KFBFQ7J62Q9,Alimony,Specialized Skill
KS120DG6XTPSXGS7D7DX,Alkaline Lysis,Specialized Skill
KS120DG6YR2HPY7NB4R2,Alkalinity Tests,Specialized Skill
KS120DH73TS3WR4S3JN4,Alkalis,Specialized Skill
KS686CT748YM1F560QGT,Alkylation Units,Specialized Skill
