Skill ID,Skill Name,Skill Type,Info URL
ES9BD12EB76B360E0E89,Ability To Meet Deadlines,Common Skill,https://lightcast.io/open-skills/skills/ES9BD12EB76B360E0E89
ES7A07CF87C516875B23,Accountability,Common Skill,https://lightcast.io/open-skills/skills/ES7A07CF87C516875B23
ES2EC8932A157A788D11,Action Oriented,Common Skill,https://lightcast.io/open-skills/skills/ES2EC8932A157A788D11
KS1205G70KR7LY58Q27Z,Active Learning,Common Skill,https://lightcast.io/open-skills/skills/KS1205G70KR7LY58Q27Z
KS1205H6HZDXGDV2R0QZ,Active Listening,Common Skill,https://lightcast.io/open-skills/skills/KS1205H6HZDXGDV2R0QZ
KS120626HMWCXJWJC7VK,Adaptability,Common Skill,https://lightcast.io/open-skills/skills/KS120626HMWCXJWJC7VK
ES6F69BD705AC88CD023,Adaptive Leadership,Common Skill,https://lightcast.io/open-skills/skills/ES6F69BD705AC88CD023
ES9E6EE4DA48A10FAFCB,Adaptive Reasoning,Common Skill,https://lightcast.io/open-skills/skills/ES9E6EE4DA48A10FAFCB
BGS4C2319B8365DF8423,Adding Machines,Common Skill,https://lightcast.io/open-skills/skills/BGS4C2319B8365DF8423
ESE1B279F38C73E025BD,Administrative Functions,Common Skill,https://lightcast.io/open-skills/skills/ESE1B279F38C73E025BD
KS7G7LT731301PM8PGN8,Advising,Common Skill,https://lightcast.io/open-skills/skills/KS7G7LT731301PM8PGN8
ESD2EDF2E51D7C90FD5F,Advocacy,Common Skill,https://lightcast.io/open-skills/skills/ESD2EDF2E51D7C90FD5F
ESF80FF10258D686691A,Aesthetics,Common Skill,https://lightcast.io/open-skills/skills/ESF80FF10258D686691A
KSFJTTHIYSVS7DXDWKHO,Agenda (Meeting),Common Skill,https://lightcast.io/open-skills/skills/KSFJTTHIYSVS7DXDWKHO
ES33595A31E4D47C9F2A,Albanian Language,Common Skill,https://lightcast.io/open-skills/skills/ES33595A31E4D47C9F2A
KS120G175P1SYJB6HVMN,Amharic Language,Common Skill,https://lightcast.io/open-skills/skills/KS120G175P1SYJB6HVMN
ESFA9982A2A945E439CB,Analytical Skills,Common Skill,https://lightcast.io/open-skills/skills/ESFA9982A2A945E439CB
ES86C12B1AA904C0F35F,Analytical Thinking,Common Skill,https://lightcast.io/open-skills/skills/ES86C12B1AA904C0F35F
KS120KH6GKCMVFHQGL11,Apple IPad,Common Skill,https://lightcast.io/open-skills/skills/KS120KH6GKCMVFHQGL11
KS120M16XCSQRBQ5ZH6D,Arabic Language,Common Skill,https://lightcast.io/open-skills/skills/KS120M16XCSQRBQ5ZH6D
KS120N16RKC5T8W8T9Q8,Arithmetic,Common Skill,https://lightcast.io/open-skills/skills/KS120N16RKC5T8W8T9Q8
ESD9586DAE537548103C,Armenian Language,Common Skill,https://lightcast.io/open-skills/skills/ESD9586DAE537548103C
KS120PG654CDDJ7C7Q53,Assertiveness,Common Skill,https://lightcast.io/open-skills/skills/KS120PG654CDDJ7C7Q53
ES41798F0EADEB1AF82F,Basic Internet Skills,Common Skill,https://lightcast.io/open-skills/skills/ES41798F0EADEB1AF82F
ESCBF9FD5DB49E82C7C9,Basic Reading,Common Skill,https://lightcast.io/open-skills/skills/ESCBF9FD5DB49E82C7C9
KS120XP6F2XX9S40D834,Basic Writing,Common Skill,https://lightcast.io/open-skills/skills/KS120XP6F2XX9S40D834
KS7G4G66WPNT3LLXKDW9,Bengali Language,Common Skill,https://lightcast.io/open-skills/skills/KS7G4G66WPNT3LLXKDW9
KS1214068GRCBP8WFT5P,Body Language,Common Skill,https://lightcast.io/open-skills/skills/KS1214068GRCBP8WFT5P
ES64AFEC5D5B2FE7B288,Bosnian Language,Common Skill,https://lightcast.io/open-skills/skills/ES64AFEC5D5B2FE7B288
KS1215X736FGJZK6JKST,Brainstorming,Common Skill,https://lightcast.io/open-skills/skills/KS1215X736FGJZK6JKST
ES733EBC45539B62B893,Breath Control,Common Skill,https://lightcast.io/open-skills/skills/ES733EBC45539B62B893
KS120HK5XY6JV257QLTX,Budgeting,Common Skill,https://lightcast.io/open-skills/skills/KS120HK5XY6JV257QLTX
ESA21AA31BFEECB913FB,Bulgarian Language,Common Skill,https://lightcast.io/open-skills/skills/ESA21AA31BFEECB913FB
ES3E0C8343DDDA484F3F,Burmese Language,Common Skill,https://lightcast.io/open-skills/skills/ES3E0C8343DDDA484F3F
KS1218B5WWXNDNQTN9MP,Business Acumen,Common Skill,https://lightcast.io/open-skills/skills/KS1218B5WWXNDNQTN9MP
KS1218B62M9QRBY8WRSK,Business Administration,Common Skill,https://lightcast.io/open-skills/skills/KS1218B62M9QRBY8WRSK
KS1218P66BGK5X5JGKLF,Business Ethics,Common Skill,https://lightcast.io/open-skills/skills/KS1218P66BGK5X5JGKLF
KS1218Q6PZLSBQJZ6QQD,Business Etiquette,Common Skill,https://lightcast.io/open-skills/skills/KS1218Q6PZLSBQJZ6QQD
ES99B020D66F6670BCA6,Business Objectives,Common Skill,https://lightcast.io/open-skills/skills/ES99B020D66F6670BCA6
KS121975WDFKW7W3PYZN,Business Proposals,Common Skill,https://lightcast.io/open-skills/skills/KS121975WDFKW7W3PYZN
BGSE6092A38185417AEB,Calculators,Common Skill,https://lightcast.io/open-skills/skills/BGSE6092A38185417AEB
ESBA6BA7B55869EB4DDD,Calendaring,Common Skill,https://lightcast.io/open-skills/skills/ESBA6BA7B55869EB4DDD
KS95IACBUORYQ0U7M90W,Calmness Under Pressure,Common Skill,https://lightcast.io/open-skills/skills/KS95IACBUORYQ0U7M90W
KS121CJ70B6S39XK1LMP,Cantonese Chinese,Common Skill,https://lightcast.io/open-skills/skills/KS121CJ70B6S39XK1LMP
ES4A1639959697B79061,Cardiorespiratory Fitness,Common Skill,https://lightcast.io/open-skills/skills/ES4A1639959697B79061
KS121DM65SYRH7R0PHFT,Cardiovascular Fitness,Common Skill,https://lightcast.io/open-skills/skills/KS121DM65SYRH7R0PHFT
KSNDJOEUGFQYV9XOCSHP,Caring Nature,Common Skill,https://lightcast.io/open-skills/skills/KSNDJOEUGFQYV9XOCSHP
KS79O5AFPWQ4IEY9HCH5,Challenge Driven,Common Skill,https://lightcast.io/open-skills/skills/KS79O5AFPWQ4IEY9HCH5
ES6291BAF2B127DF11F0,Change Agility,Common Skill,https://lightcast.io/open-skills/skills/ES6291BAF2B127DF11F0
KS121TR61G9J1BMSLHH5,Checklists,Common Skill,https://lightcast.io/open-skills/skills/KS121TR61G9J1BMSLHH5
KS121VY6XPHRR0YQ1Z06,Chinese Language,Common Skill,https://lightcast.io/open-skills/skills/KS121VY6XPHRR0YQ1Z06
KS121YT721BY2F3M5YDR,Cleanliness,Common Skill,https://lightcast.io/open-skills/skills/KS121YT721BY2F3M5YDR
KS121YX5XHV5QPYV2TXL,Clerical Works,Common Skill,https://lightcast.io/open-skills/skills/KS121YX5XHV5QPYV2TXL
ES4377E98D46E0742EFF,Client Confidentiality,Common Skill,https://lightcast.io/open-skills/skills/ES4377E98D46E0742EFF
KS43I7T7CU4Q66EGVQLU,Coaching,Common Skill,https://lightcast.io/open-skills/skills/KS43I7T7CU4Q66EGVQLU
ESA5B0428A8EBC6A5A20,Cognitive Flexibility,Common Skill,https://lightcast.io/open-skills/skills/ESA5B0428A8EBC6A5A20
KS7AASDV6UOE7VFBGF4D,Collaboration,Common Skill,https://lightcast.io/open-skills/skills/KS7AASDV6UOE7VFBGF4D
KS1223L6X0SFSMDMXHFX,Collaborative Communications,Common Skill,https://lightcast.io/open-skills/skills/KS1223L6X0SFSMDMXHFX
KS1223M6J4SS9X86LG8Y,Collaborative Learning,Common Skill,https://lightcast.io/open-skills/skills/KS1223M6J4SS9X86LG8Y
KS7G4YT72YHJ3BVJ4P56,Collections,Common Skill,https://lightcast.io/open-skills/skills/KS7G4YT72YHJ3BVJ4P56
KS122556LMQ829GZCCRV,Communication,Common Skill,https://lightcast.io/open-skills/skills/KS122556LMQ829GZCCRV
KSY50ITV7USNV22UXUK7,Communication With Candidates,Common Skill,https://lightcast.io/open-skills/skills/KSY50ITV7USNV22UXUK7
ES2C337E971A7E133B66,Community Leadership,Common Skill,https://lightcast.io/open-skills/skills/ES2C337E971A7E133B66
KS121HH77W43GZCCZYDN,Compact Discs,Common Skill,https://lightcast.io/open-skills/skills/KS121HH77W43GZCCZYDN
ESE78ADAE3F63E197E13,Compassion,Common Skill,https://lightcast.io/open-skills/skills/ESE78ADAE3F63E197E13
ES80E93EF8629D5C793C,Complex Problem Solving,Common Skill,https://lightcast.io/open-skills/skills/ES80E93EF8629D5C793C
ES5F5B7360E527A2CDF1,Composure,Common Skill,https://lightcast.io/open-skills/skills/ES5F5B7360E527A2CDF1
KS120DR6TDMC1651F9HQ,Computer Keyboards,Common Skill,https://lightcast.io/open-skills/skills/KS120DR6TDMC1651F9HQ
KS1227P6FBK34WLH6X8Z,Computer Literacy,Common Skill,https://lightcast.io/open-skills/skills/KS1227P6FBK34WLH6X8Z
KS1227W633PGW8Z5410H,Computer Terminals,Common Skill,https://lightcast.io/open-skills/skills/KS1227W633PGW8Z5410H
KSRR5TJKEQN6WJ7JS5DE,Conciliation,Common Skill,https://lightcast.io/open-skills/skills/KSRR5TJKEQN6WJ7JS5DE
ES1F6B6AD836D8403D5B,Concision,Common Skill,https://lightcast.io/open-skills/skills/ES1F6B6AD836D8403D5B
KS5UQIKUJ6EE8U9E6DYZ,Confident Communicator,Common Skill,https://lightcast.io/open-skills/skills/KS5UQIKUJ6EE8U9E6DYZ
KS1228M6S0Q13JW8NV10,Confidentiality,Common Skill,https://lightcast.io/open-skills/skills/KS1228M6S0Q13JW8NV10
ESBB99343C43532EBBB3,Conscientiousness,Common Skill,https://lightcast.io/open-skills/skills/ESBB99343C43532EBBB3
ES886154C56DD7EB0AFF,Constructive Feedback,Common Skill,https://lightcast.io/open-skills/skills/ES886154C56DD7EB0AFF
KS1229Z6PBVZJDZG48C6,Consultative Approaches,Common Skill,https://lightcast.io/open-skills/skills/KS1229Z6PBVZJDZG48C6
KS122B071LMGXVTT3Z91,Consulting,Common Skill,https://lightcast.io/open-skills/skills/KS122B071LMGXVTT3Z91
KS122D66ZXYMB2T0HT81,Cooperation,Common Skill,https://lightcast.io/open-skills/skills/KS122D66ZXYMB2T0HT81
KS122D673HLMNLY5V1ZN,Cooperative Learning,Common Skill,https://lightcast.io/open-skills/skills/KS122D673HLMNLY5V1ZN
KS7G2F36GFX1K55V6GK4,Coordinating,Common Skill,https://lightcast.io/open-skills/skills/KS7G2F36GFX1K55V6GK4
KS122DR5XY09M2XFZCC0,Corel Wordperfect Office,Common Skill,https://lightcast.io/open-skills/skills/KS122DR5XY09M2XFZCC0
ES1B33296DDAE6EFAC74,Courage,Common Skill,https://lightcast.io/open-skills/skills/ES1B33296DDAE6EFAC74
ES2A9C642878AF9B9757,Creative Design,Common Skill,https://lightcast.io/open-skills/skills/ES2A9C642878AF9B9757
KS122HL6YBBNN54X6DP4,Creative Entrepreneurship,Common Skill,https://lightcast.io/open-skills/skills/KS122HL6YBBNN54X6DP4
KS122HN63RD7JX5WNCJ8,Creative Problem Solving,Common Skill,https://lightcast.io/open-skills/skills/KS122HN63RD7JX5WNCJ8
KSVSYMYZ1SZWRBMMHMES,Creative Questioning,Common Skill,https://lightcast.io/open-skills/skills/KSVSYMYZ1SZWRBMMHMES
KS122HN7559WPNWPMDML,Creative Thinking,Common Skill,https://lightcast.io/open-skills/skills/KS122HN7559WPNWPMDML
KS122HK6LN2MZHFY69GJ,Creativity,Common Skill,https://lightcast.io/open-skills/skills/KS122HK6LN2MZHFY69GJ
ESE931B22DABCD5A9E32,Critical Reflection,Common Skill,https://lightcast.io/open-skills/skills/ESE931B22DABCD5A9E32
KS122J56PZMMFL1SVY1F,Critical Thinking,Common Skill,https://lightcast.io/open-skills/skills/KS122J56PZMMFL1SVY1F
KS122JC758LZ1W50SJDH,Croatian Language,Common Skill,https://lightcast.io/open-skills/skills/KS122JC758LZ1W50SJDH
ES98EF22264DE1E1D690,Cultural Humility,Common Skill,https://lightcast.io/open-skills/skills/ES98EF22264DE1E1D690
ESE52554401C20B866F9,Cultural Responsiveness,Common Skill,https://lightcast.io/open-skills/skills/ESE52554401C20B866F9
KSOLBOKKX23X15NAC1IN,Cultural Sensitivity,Common Skill,https://lightcast.io/open-skills/skills/KSOLBOKKX23X15NAC1IN
ESA420F05EBBD34B3C2A,Curiosity,Common Skill,https://lightcast.io/open-skills/skills/ESA420F05EBBD34B3C2A
KS121Z26S4VJLQ1WXN21,Customer Service,Common Skill,https://lightcast.io/open-skills/skills/KS121Z26S4VJLQ1WXN21
ESC995F0E6C4EA94DF23,Czech Language,Common Skill,https://lightcast.io/open-skills/skills/ESC995F0E6C4EA94DF23
KS122NB6VSLJ3R5FMC90,Danish Language,Common Skill,https://lightcast.io/open-skills/skills/KS122NB6VSLJ3R5FMC90
KS7G698788B2TVDZ5MD3,Dari Language,Common Skill,https://lightcast.io/open-skills/skills/KS7G698788B2TVDZ5MD3
KS1226B6N54XJ43HGGJ2,Data Compilation,Common Skill,https://lightcast.io/open-skills/skills/KS1226B6N54XJ43HGGJ2
ES47AD95411047C3173B,Data Interpretation,Common Skill,https://lightcast.io/open-skills/skills/ES47AD95411047C3173B
BGSA7DCCDC1D023EA7F9,Data Reporting,Common Skill,https://lightcast.io/open-skills/skills/BGSA7DCCDC1D023EA7F9
ESC58CC5975290CC2554,Data Summarization,Common Skill,https://lightcast.io/open-skills/skills/ESC58CC5975290CC2554
KS6IKJI01W6JVQPVQJTR,Dealing With Ambiguity,Common Skill,https://lightcast.io/open-skills/skills/KS6IKJI01W6JVQPVQJTR
KS121W46CJXQ5ZQ506MS,Decision Making,Common Skill,https://lightcast.io/open-skills/skills/KS121W46CJXQ5ZQ506MS
ES51D61B69546A4FAEC7,Decisiveness,Common Skill,https://lightcast.io/open-skills/skills/ES51D61B69546A4FAEC7
KS122SX5ZKP98Q69G6HV,Deductive Reasoning,Common Skill,https://lightcast.io/open-skills/skills/KS122SX5ZKP98Q69G6HV
KS122T66BVPB3KY22M3S,Defensive Driving,Common Skill,https://lightcast.io/open-skills/skills/KS122T66BVPB3KY22M3S
KSCQ0SWSSG568HKQ1YNL,Delegation Skills,Common Skill,https://lightcast.io/open-skills/skills/KSCQ0SWSSG568HKQ1YNL
KS2K20M4MLJI9Q21SHI4,Delivery Focused,Common Skill,https://lightcast.io/open-skills/skills/KS2K20M4MLJI9Q21SHI4
KS122V476R907X5ZRBX7,Depth Perception,Common Skill,https://lightcast.io/open-skills/skills/KS122V476R907X5ZRBX7
KS122VR6R5ZRQCKXX5R8,Desktop Computing,Common Skill,https://lightcast.io/open-skills/skills/KS122VR6R5ZRQCKXX5R8
KSQPGV2XZO8UMNCC49LK,Detail Oriented,Common Skill,https://lightcast.io/open-skills/skills/KSQPGV2XZO8UMNCC49LK
KSCNCCMV3JN47UPTR0I0,Diagnostic Skills,Common Skill,https://lightcast.io/open-skills/skills/KSCNCCMV3JN47UPTR0I0
ES6E8F53568EE242B1A3,Digital Adaptability,Common Skill,https://lightcast.io/open-skills/skills/ES6E8F53568EE242B1A3
ESB04BCB6189A2CB271E,Digital Literacy,Common Skill,https://lightcast.io/open-skills/skills/ESB04BCB6189A2CB271E
KS122ZF75YVNLXW1BN4Q,Digitization,Common Skill,https://lightcast.io/open-skills/skills/KS122ZF75YVNLXW1BN4Q
ES9E625C2D299C5B9C91,Diplomacy,Common Skill,https://lightcast.io/open-skills/skills/ES9E625C2D299C5B9C91
BGS2CBB11F9653B9CF2F,Discount Calculation,Common Skill,https://lightcast.io/open-skills/skills/BGS2CBB11F9653B9CF2F
ES334E1A00A7BA592E98,Discussion Facilitation,Common Skill,https://lightcast.io/open-skills/skills/ES334E1A00A7BA592E98
ESC3B4D235CC57F3594C,Distributed Team Management,Common Skill,https://lightcast.io/open-skills/skills/ESC3B4D235CC57F3594C
KS123285XWQS1TVY0YJ4,Diversity Awareness,Common Skill,https://lightcast.io/open-skills/skills/KS123285XWQS1TVY0YJ4
BGS7C5C5DDBBFEC89BA4,Dollies,Common Skill,https://lightcast.io/open-skills/skills/BGS7C5C5DDBBFEC89BA4
KSMDVI2L0ZPEC9PX7JPH,Driven Personality,Common Skill,https://lightcast.io/open-skills/skills/KSMDVI2L0ZPEC9PX7JPH
ES2CEEC5FB11B12A571D,Driving Engagement,Common Skill,https://lightcast.io/open-skills/skills/ES2CEEC5FB11B12A571D
KS1237R60KJFP8VZ30JF,Dutch Language,Common Skill,https://lightcast.io/open-skills/skills/KS1237R60KJFP8VZ30JF
KS123886ZB6N70GWHNP4,Dynamic Balance,Common Skill,https://lightcast.io/open-skills/skills/KS123886ZB6N70GWHNP4
KSW7M2N7K1F73JEVF487,Dynamic Communication,Common Skill,https://lightcast.io/open-skills/skills/KSW7M2N7K1F73JEVF487
KSNWU0H1XNMPN5FPLTPE,Dynamic Personality,Common Skill,https://lightcast.io/open-skills/skills/KSNWU0H1XNMPN5FPLTPE
KS120PP6GL94HJDMN0TQ,Editing,Common Skill,https://lightcast.io/open-skills/skills/KS120PP6GL94HJDMN0TQ
KS123C271JPZ5MHPZG97,Educational Leadership,Common Skill,https://lightcast.io/open-skills/skills/KS123C271JPZ5MHPZG97
ESB1A7C7BE6A9DDBBC6D,Electrical Metallic Tubing,Common Skill,https://lightcast.io/open-skills/skills/ESB1A7C7BE6A9DDBBC6D
KS120XH789QX3JS0TLR3,Elementary Mathematics,Common Skill,https://lightcast.io/open-skills/skills/KS120XH789QX3JS0TLR3
ESFAFCBE1B110FB4C86A,Email Etiquette,Common Skill,https://lightcast.io/open-skills/skills/ESFAFCBE1B110FB4C86A
KS123H8637LFS5TXR2V6,Emergency Procedures,Common Skill,https://lightcast.io/open-skills/skills/KS123H8637LFS5TXR2V6
KS123HL75PX38KTJXYKJ,Emotional Intelligence,Common Skill,https://lightcast.io/open-skills/skills/KS123HL75PX38KTJXYKJ
KS0PLUKE2OPID9A3YCCR,Emotional Stability,Common Skill,https://lightcast.io/open-skills/skills/KS0PLUKE2OPID9A3YCCR
ES65B868AC91EC8180C6,Emotional Stamina,Common Skill,https://lightcast.io/open-skills/skills/ES65B868AC91EC8180C6
ES1C53496B6F1ECEDD9A,Empathy,Common Skill,https://lightcast.io/open-skills/skills/ES1C53496B6F1ECEDD9A
ES48DC8725830674E88F,Energetic,Common Skill,https://lightcast.io/open-skills/skills/ES48DC8725830674E88F
KSEQFBZ5RXU8N534SB29,Engagement Skills,Common Skill,https://lightcast.io/open-skills/skills/KSEQFBZ5RXU8N534SB29
KS123K75YYK8VGH90NCS,English Language,Common Skill,https://lightcast.io/open-skills/skills/KS123K75YYK8VGH90NCS
KSMNXY6MPS1EDWJ8P6B0,Enthusiasm,Common Skill,https://lightcast.io/open-skills/skills/KSMNXY6MPS1EDWJ8P6B0
KS123KR6W35X39JP65MX,Entrepreneurship,Common Skill,https://lightcast.io/open-skills/skills/KS123KR6W35X39JP65MX
ES4C22D4DCB5B0447DEB,Estonian Language,Common Skill,https://lightcast.io/open-skills/skills/ES4C22D4DCB5B0447DEB
ESD45EAB54A83A5255D6,Ethical Standards And Conduct,Common Skill,https://lightcast.io/open-skills/skills/ESD45EAB54A83A5255D6
KSGUU14HPIDKF8PNII6K,Evaluating Staff,Common Skill,https://lightcast.io/open-skills/skills/KSGUU14HPIDKF8PNII6K
BGS2F4A7E318485C9F01,Executive Presence,Common Skill,https://lightcast.io/open-skills/skills/BGS2F4A7E318485C9F01
KSZQVAL1HFZRRC9X5AW5,Extroverted,Common Skill,https://lightcast.io/open-skills/skills/KSZQVAL1HFZRRC9X5AW5
KS123SC6HDYYP1YRBRJ9,Eye Contact,Common Skill,https://lightcast.io/open-skills/skills/KS123SC6HDYYP1YRBRJ9
KS123SX63GRSR71T1GD6,FaceTime,Common Skill,https://lightcast.io/open-skills/skills/KS123SX63GRSR71T1GD6
KS7G55M6TRB1N24LW2P5,Filing,Common Skill,https://lightcast.io/open-skills/skills/KS7G55M6TRB1N24LW2P5
KS123XP626DDX0H7DNV1,Filipino Language,Common Skill,https://lightcast.io/open-skills/skills/KS123XP626DDX0H7DNV1
ES31EB08E14C5E93F4E8,Financial Acumen,Common Skill,https://lightcast.io/open-skills/skills/ES31EB08E14C5E93F4E8
KS123YF66G4KR0SSVY8R,Financial Literacy,Common Skill,https://lightcast.io/open-skills/skills/KS123YF66G4KR0SSVY8R
KS1264G71CSG89CSSNWQ,Fine Motor Skills,Common Skill,https://lightcast.io/open-skills/skills/KS1264G71CSG89CSSNWQ
KSKGHSR3RZRZHVY2XVAY,Finger Dexterity,Common Skill,https://lightcast.io/open-skills/skills/KSKGHSR3RZRZHVY2XVAY
KS123YS6FZ7F50C74904,Finnish Language,Common Skill,https://lightcast.io/open-skills/skills/KS123YS6FZ7F50C74904
KS1200X6V3937RSF8VVM,First Aid,Common Skill,https://lightcast.io/open-skills/skills/KS1200X6V3937RSF8VVM
ESB5B8DE9634A95EB739,Follow Through,Common Skill,https://lightcast.io/open-skills/skills/ESB5B8DE9634A95EB739
KSPRNJFHBUMP2W7T0QTA,Following Directions,Common Skill,https://lightcast.io/open-skills/skills/KSPRNJFHBUMP2W7T0QTA
KS1241P6PXRCKTDSWHTV,Forecasting,Common Skill,https://lightcast.io/open-skills/skills/KS1241P6PXRCKTDSWHTV
KS124206N7YNCH0D379T,Foreign Language,Common Skill,https://lightcast.io/open-skills/skills/KS124206N7YNCH0D379T
KS1243976G466GV63ZBY,French Language,Common Skill,https://lightcast.io/open-skills/skills/KS1243976G466GV63ZBY
KS4DOAH8RJ88A8BZ4EY6,Friendliness,Common Skill,https://lightcast.io/open-skills/skills/KS4DOAH8RJ88A8BZ4EY6
KS12454734LDJSRP3JJT,Fula Language,Common Skill,https://lightcast.io/open-skills/skills/KS12454734LDJSRP3JJT
ES547CF3BDF839A139D3,Functional Knowledge,Common Skill,https://lightcast.io/open-skills/skills/ES547CF3BDF839A139D3
KS124BK6VD8Y1F11PD2Q,German Language,Common Skill,https://lightcast.io/open-skills/skills/KS124BK6VD8Y1F11PD2Q
ESEF6CBFE27C71B28816,Goal Setting,Common Skill,https://lightcast.io/open-skills/skills/ESEF6CBFE27C71B28816
KSS30WWC1QZQY5T61CS5,Goal-Oriented,Common Skill,https://lightcast.io/open-skills/skills/KSS30WWC1QZQY5T61CS5
ES76EAFFCB7FAE2C51CD,Good Driving Record,Common Skill,https://lightcast.io/open-skills/skills/ES76EAFFCB7FAE2C51CD
KS124F56RSV6WG927C0Q,Google Applications,Common Skill,https://lightcast.io/open-skills/skills/KS124F56RSV6WG927C0Q
ES93374D273ED49FAFEA,Google Sheets,Common Skill,https://lightcast.io/open-skills/skills/ES93374D273ED49FAFEA
KS124G66QWSYM012SWS5,Governance,Common Skill,https://lightcast.io/open-skills/skills/KS124G66QWSYM012SWS5
KS124GV78MYQ469S38M8,Grammar,Common Skill,https://lightcast.io/open-skills/skills/KS124GV78MYQ469S38M8
KS9A8LU3MUNAP28Q3ESI,Greeting Customers,Common Skill,https://lightcast.io/open-skills/skills/KS9A8LU3MUNAP28Q3ESI
ES8BE0063D3F5F9870F4,Growth Mindedness,Common Skill,https://lightcast.io/open-skills/skills/ES8BE0063D3F5F9870F4
KS7G7G96HMSYNBR46YZY,Gujarati Language,Common Skill,https://lightcast.io/open-skills/skills/KS7G7G96HMSYNBR46YZY
ES8E8044E946F51B3A17,Haitian Creole,Common Skill,https://lightcast.io/open-skills/skills/ES8E8044E946F51B3A17
KS124L561H2WH504RG42,Hand Hygiene,Common Skill,https://lightcast.io/open-skills/skills/KS124L561H2WH504RG42
KS124L86M0JCWKKW79G7,Hand Signals,Common Skill,https://lightcast.io/open-skills/skills/KS124L86M0JCWKKW79G7
BGS6712A075FC970319B,Hand Trucks,Common Skill,https://lightcast.io/open-skills/skills/BGS6712A075FC970319B
ES92791A9F19A7E3F037,Hand Writing,Common Skill,https://lightcast.io/open-skills/skills/ES92791A9F19A7E3F037
KS124LB6WDYRVRQQ4FWF,Handheld PC,Common Skill,https://lightcast.io/open-skills/skills/KS124LB6WDYRVRQQ4FWF
KSBJX8G9TO5PSX0BRYM3,Handling Confrontation,Common Skill,https://lightcast.io/open-skills/skills/KSBJX8G9TO5PSX0BRYM3
KS120XG6RWBS98B78F9Y,Hebrew Language,Common Skill,https://lightcast.io/open-skills/skills/KS120XG6RWBS98B78F9Y
KS124QG6H2GY1Z86R903,Hindi Language,Common Skill,https://lightcast.io/open-skills/skills/KS124QG6H2GY1Z86R903
KSY51ARG5IAOJ5WCYU1H,Honesty,Common Skill,https://lightcast.io/open-skills/skills/KSY51ARG5IAOJ5WCYU1H
KS124S079M84GF98VQPB,Hospitality,Common Skill,https://lightcast.io/open-skills/skills/KS124S079M84GF98VQPB
KS124VP65VSFMX87DD66,Humility,Common Skill,https://lightcast.io/open-skills/skills/KS124VP65VSFMX87DD66
ESF6A5092A7AD2F0E745,Hungarian Language,Common Skill,https://lightcast.io/open-skills/skills/ESF6A5092A7AD2F0E745
ES6A03A6D02FBA0D8CEB,Ideation,Common Skill,https://lightcast.io/open-skills/skills/ES6A03A6D02FBA0D8CEB
KS1252B6CXQBKCRJGG5W,Imagination,Common Skill,https://lightcast.io/open-skills/skills/KS1252B6CXQBKCRJGG5W
KS125306Z4G8M5HY8G3T,Improvisation,Common Skill,https://lightcast.io/open-skills/skills/KS125306Z4G8M5HY8G3T
KS125396X5DJ1MXHT6YC,Incident Reporting,Common Skill,https://lightcast.io/open-skills/skills/KS125396X5DJ1MXHT6YC
BGS21E6F1AA864072D74,Independent Thinking,Common Skill,https://lightcast.io/open-skills/skills/BGS21E6F1AA864072D74
KS120W565KDPPMJY4G9Y,Indonesian Language,Common Skill,https://lightcast.io/open-skills/skills/KS120W565KDPPMJY4G9Y
KS1253N75HDK2PHBL40F,Inductive Reasoning,Common Skill,https://lightcast.io/open-skills/skills/KS1253N75HDK2PHBL40F
ES20CECA4FF83ECE8196,Influencing Skills,Common Skill,https://lightcast.io/open-skills/skills/ES20CECA4FF83ECE8196
ESE2D5EA264FB06F5C4F,Information Gathering,Common Skill,https://lightcast.io/open-skills/skills/ESE2D5EA264FB06F5C4F
KS1254G6X37NS306Y596,Information Literacy,Common Skill,https://lightcast.io/open-skills/skills/KS1254G6X37NS306Y596
ES69309AF58524301F64,Information Organization,Common Skill,https://lightcast.io/open-skills/skills/ES69309AF58524301F64
KS1254G65YTR6FD5YFLT,Information Processing,Common Skill,https://lightcast.io/open-skills/skills/KS1254G65YTR6FD5YFLT
KSICINJLBEFE6U4KGBB9,Information Synthesis,Common Skill,https://lightcast.io/open-skills/skills/KSICINJLBEFE6U4KGBB9
KS1227V6WBR3BH3SJYSZ,Information Technology,Common Skill,https://lightcast.io/open-skills/skills/KS1227V6WBR3BH3SJYSZ
ES302F1A0AE7635F9692,Ingenuity,Common Skill,https://lightcast.io/open-skills/skills/ES302F1A0AE7635F9692
KS1253H61TTR1FZWSRH4,Innovation,Common Skill,https://lightcast.io/open-skills/skills/KS1253H61TTR1FZWSRH4
KS125746DX6HQYPV9Q7Y,Integrative Thinking,Common Skill,https://lightcast.io/open-skills/skills/KS125746DX6HQYPV9Q7Y
ES36BB7D95D0BF489852,Intellectual Curiosity,Common Skill,https://lightcast.io/open-skills/skills/ES36BB7D95D0BF489852
KS1257T77DQVVZ4J82R1,Interactive Communications,Common Skill,https://lightcast.io/open-skills/skills/KS1257T77DQVVZ4J82R1
KS1258473YH2PSFC8S7H,Intercultural Communication,Common Skill,https://lightcast.io/open-skills/skills/KS1258473YH2PSFC8S7H
KS1258479NCTHZ20PFDH,Intercultural Competence,Common Skill,https://lightcast.io/open-skills/skills/KS1258479NCTHZ20PFDH
KS125966RSZSRH0J74BL,Internet Research,Common Skill,https://lightcast.io/open-skills/skills/KS125966RSZSRH0J74BL
KS1259D6L30YYG3XR3VL,Interpersonal Communications,Common Skill,https://lightcast.io/open-skills/skills/KS1259D6L30YYG3XR3VL
ES609BAAA4DA3790E3DF,Interviewing Skills,Common Skill,https://lightcast.io/open-skills/skills/ES609BAAA4DA3790E3DF
KS1259S6W97S4603DZJH,Intrapreneurship,Common Skill,https://lightcast.io/open-skills/skills/KS1259S6W97S4603DZJH
KS7G2PN6Q42WPLR91C09,Investigation,Common Skill,https://lightcast.io/open-skills/skills/KS7G2PN6Q42WPLR91C09
ESAB6ED38CE1A5A0B5A4,Italian Language,Common Skill,https://lightcast.io/open-skills/skills/ESAB6ED38CE1A5A0B5A4
KS125GK6R679H0RMLZJT,Japanese Language,Common Skill,https://lightcast.io/open-skills/skills/KS125GK6R679H0RMLZJT
KS125LZ5XX253XPVQD9D,Kannada Language,Common Skill,https://lightcast.io/open-skills/skills/KS125LZ5XX253XPVQD9D
ESE964A5C87B5F70631B,Knowledge Transfer,Common Skill,https://lightcast.io/open-skills/skills/ESE964A5C87B5F70631B
KS125NM66SXCYFHQBWNT,Korean Language,Common Skill,https://lightcast.io/open-skills/skills/KS125NM66SXCYFHQBWNT
KS125R06GBY30WS7PNQV,Lateral Communication,Common Skill,https://lightcast.io/open-skills/skills/KS125R06GBY30WS7PNQV
KS125R15W3JVT6NHLQNV,Lateral Thinking,Common Skill,https://lightcast.io/open-skills/skills/KS125R15W3JVT6NHLQNV
KS125R2704RMNPDLSQ5K,Latvian Language,Common Skill,https://lightcast.io/open-skills/skills/KS125R2704RMNPDLSQ5K
KS124JB619VXG6RQ810C,Leadership,Common Skill,https://lightcast.io/open-skills/skills/KS124JB619VXG6RQ810C
KS125RW6ZWZ8DLT13SNR,Leadership Development,Common Skill,https://lightcast.io/open-skills/skills/KS125RW6ZWZ8DLT13SNR
ES9A13453392159C5CF7,Leading Change,Common Skill,https://lightcast.io/open-skills/skills/ES9A13453392159C5CF7
ESAD4C46ECC9F12851B0,Learning Agility,Common Skill,https://lightcast.io/open-skills/skills/ESAD4C46ECC9F12851B0
KSKJEMXMKA6JS80RZ730,Level Headed,Common Skill,https://lightcast.io/open-skills/skills/KSKJEMXMKA6JS80RZ730
KS125TX75XTZZXVJL8B5,Lifelong Learning,Common Skill,https://lightcast.io/open-skills/skills/KS125TX75XTZZXVJL8B5
ESA2046B83319C31C349,Lifting Ability,Common Skill,https://lightcast.io/open-skills/skills/ESA2046B83319C31C349
KS125WZ6TWYDMFKJ841S,Listening Skills,Common Skill,https://lightcast.io/open-skills/skills/KS125WZ6TWYDMFKJ841S
KS120886PW26CKLQ11T1,Literacy,Common Skill,https://lightcast.io/open-skills/skills/KS120886PW26CKLQ11T1
ESB4E841DF6089ADF1B6,Lithuanian Language,Common Skill,https://lightcast.io/open-skills/skills/ESB4E841DF6089ADF1B6
KS441NS6G86NC7BV1S6Y,Loading And Unloading,Common Skill,https://lightcast.io/open-skills/skills/KS441NS6G86NC7BV1S6Y
KS125YY5VPFQJPPM5PHJ,Logical Reasoning,Common Skill,https://lightcast.io/open-skills/skills/KS125YY5VPFQJPPM5PHJ
KS1263M67L1F59PFJ6QV,Malayalam Language,Common Skill,https://lightcast.io/open-skills/skills/KS1263M67L1F59PFJ6QV
KS1218W78FGVPVP2KXPX,Management,Common Skill,https://lightcast.io/open-skills/skills/KS1218W78FGVPVP2KXPX
KS121VZ6GVLJQKQQS4YB,Mandarin Chinese,Common Skill,https://lightcast.io/open-skills/skills/KS121VZ6GVLJQKQQS4YB
ES92B3BC1D7B77B6324A,Map Reading,Common Skill,https://lightcast.io/open-skills/skills/ES92B3BC1D7B77B6324A
KS7G38K6Q7NX167YWJJ7,Marathi Language,Common Skill,https://lightcast.io/open-skills/skills/KS7G38K6Q7NX167YWJJ7
ES392B9B04B0916F8F4D,Mathematical Computation,Common Skill,https://lightcast.io/open-skills/skills/ES392B9B04B0916F8F4D
KS126706DPFD3354M7YK,Mathematics,Common Skill,https://lightcast.io/open-skills/skills/KS126706DPFD3354M7YK
KS126996115JL4XG3MC6,Mechanical Aptitude,Common Skill,https://lightcast.io/open-skills/skills/KS126996115JL4XG3MC6
KSR5QCUWHFIIHTVT65DZ,Mechanical Reasoning,Common Skill,https://lightcast.io/open-skills/skills/KSR5QCUWHFIIHTVT65DZ
KS126CM78T30RTP4PBYM,Memos,Common Skill,https://lightcast.io/open-skills/skills/KS126CM78T30RTP4PBYM
ES99A006189426343E98,Mental Agility,Common Skill,https://lightcast.io/open-skills/skills/ES99A006189426343E98
ES5A2689959CD7CE0F42,Mental Concentration,Common Skill,https://lightcast.io/open-skills/skills/ES5A2689959CD7CE0F42
ESDEFD4AE65A1886F6CB,Mental Stability,Common Skill,https://lightcast.io/open-skills/skills/ESDEFD4AE65A1886F6CB
ES47C7F67AA8E1DF458F,Mental Stamina,Common Skill,https://lightcast.io/open-skills/skills/ES47C7F67AA8E1DF458F
KS126D668BLGSC15GFLS,Mentorship,Common Skill,https://lightcast.io/open-skills/skills/KS126D668BLGSC15GFLS
KS126FQ6YJQ00XW3T9HP,Metric System,Common Skill,https://lightcast.io/open-skills/skills/KS126FQ6YJQ00XW3T9HP
KS1200H6XYN1CR0G5NZ0,Microsoft Excel,Common Skill,https://lightcast.io/open-skills/skills/KS1200H6XYN1CR0G5NZ0
KS124X46T69J1890CXLK,Microsoft Internet Explorer,Common Skill,https://lightcast.io/open-skills/skills/KS124X46T69J1890CXLK
KS126HY6YLTB9R7XJC4Z,Microsoft Office,Common Skill,https://lightcast.io/open-skills/skills/KS126HY6YLTB9R7XJC4Z
KS126HS6R7MH1W08PMVR,Microsoft Outlook,Common Skill,https://lightcast.io/open-skills/skills/KS126HS6R7MH1W08PMVR
KS127ZG6DBSF76WF7VYX,Microsoft PowerPoint,Common Skill,https://lightcast.io/open-skills/skills/KS127ZG6DBSF76WF7VYX
KS126JQ6298NYL0M4ZVD,Microsoft Software,Common Skill,https://lightcast.io/open-skills/skills/KS126JQ6298NYL0M4ZVD
KS120265WKHSMJ6HYX8P,Microsoft Windows,Common Skill,https://lightcast.io/open-skills/skills/KS120265WKHSMJ6HYX8P
KS1200365FTR9X0M96T9,Microsoft Word,Common Skill,https://lightcast.io/open-skills/skills/KS1200365FTR9X0M96T9
KS440NM6N05DM8TSV6QZ,Mobile Apps,Common Skill,https://lightcast.io/open-skills/skills/KS440NM6N05DM8TSV6QZ
ES4FEAD990D560D2BB54,Mobile Computing,Common Skill,https://lightcast.io/open-skills/skills/ES4FEAD990D560D2BB54
KS124L55Y9H5B5FHLYMQ,Mobile Devices,Common Skill,https://lightcast.io/open-skills/skills/KS124L55Y9H5B5FHLYMQ
BGS8F0AE8BAC16DB3A4C,Motion Sickness Resilience,Common Skill,https://lightcast.io/open-skills/skills/BGS8F0AE8BAC16DB3A4C
ESF2F234991EA8536252,Motivational Skills,Common Skill,https://lightcast.io/open-skills/skills/ESF2F234991EA8536252
KS126Q572YK3PW73VT4Z,Motor Coordination,Common Skill,https://lightcast.io/open-skills/skills/KS126Q572YK3PW73VT4Z
KS121036PZ6CXV9MM4LT,Multilingualism,Common Skill,https://lightcast.io/open-skills/skills/KS121036PZ6CXV9MM4LT
KS126SW5ZZYP3HXXPX1X,Multitasking,Common Skill,https://lightcast.io/open-skills/skills/KS126SW5ZZYP3HXXPX1X
ESFFB906DB711560D96B,Muscular Strength And Endurance,Common Skill,https://lightcast.io/open-skills/skills/ESFFB906DB711560D96B
KS126W0795QSLZ0QZVW3,Natural Sciences,Common Skill,https://lightcast.io/open-skills/skills/KS126W0795QSLZ0QZVW3
ESEE2FE3695A215DC6DC,Needs Assessment,Common Skill,https://lightcast.io/open-skills/skills/ESEE2FE3695A215DC6DC
KS126X663B21NB77ZHSP,Negotiation,Common Skill,https://lightcast.io/open-skills/skills/KS126X663B21NB77ZHSP
KS7G5MM6GJWC63H4CXL4,Nepali Language,Common Skill,https://lightcast.io/open-skills/skills/KS7G5MM6GJWC63H4CXL4
KS1272N6ZKVFDC6072V5,Non-Verbal Communication,Common Skill,https://lightcast.io/open-skills/skills/KS1272N6ZKVFDC6072V5
KS1272S6MB15BT3TRJZB,Norwegian Languages,Common Skill,https://lightcast.io/open-skills/skills/KS1272S6MB15BT3TRJZB
KS1274J5X0PCV71X4YLD,Number Sense,Common Skill,https://lightcast.io/open-skills/skills/KS1274J5X0PCV71X4YLD
ES9262EB46A460722CB4,Open Mindset,Common Skill,https://lightcast.io/open-skills/skills/ES9262EB46A460722CB4
KS127D361PF0FTXDZ7C4,Operations,Common Skill,https://lightcast.io/open-skills/skills/KS127D361PF0FTXDZ7C4
ES3D904298E3CD984DFE,Optimism,Common Skill,https://lightcast.io/open-skills/skills/ES3D904298E3CD984DFE
ESE8ED62932D770B73EA,Oral Comprehension,Common Skill,https://lightcast.io/open-skills/skills/ESE8ED62932D770B73EA
ES3E15C15A1A5B6B7CB5,Oral Expression,Common Skill,https://lightcast.io/open-skills/skills/ES3E15C15A1A5B6B7CB5
ES91755231B8A47A86A0,Order Entry,Common Skill,https://lightcast.io/open-skills/skills/ES91755231B8A47A86A0
KSJXSO3WRHZG7POU0OTL,Organizational Awareness,Common Skill,https://lightcast.io/open-skills/skills/KSJXSO3WRHZG7POU0OTL
ES8B03DAD3B526316ED9,Organizational Skills,Common Skill,https://lightcast.io/open-skills/skills/ES8B03DAD3B526316ED9
BGSD9FE7563B24D87BF4,Overcoming Obstacles,Common Skill,https://lightcast.io/open-skills/skills/BGSD9FE7563B24D87BF4
KS124046TRJDP25WFPYC,Packaging And Labeling,Common Skill,https://lightcast.io/open-skills/skills/KS124046TRJDP25WFPYC
ES7ADC8877DBE1AA2E8C,Parent Communication,Common Skill,https://lightcast.io/open-skills/skills/ES7ADC8877DBE1AA2E8C
KS127L46LDS85Z7DDXNJ,Pashto Language,Common Skill,https://lightcast.io/open-skills/skills/KS127L46LDS85Z7DDXNJ
ES3887D0EF43C2DFE14D,Patience,Common Skill,https://lightcast.io/open-skills/skills/ES3887D0EF43C2DFE14D
ES71C18378814E6740D6,People Management,Common Skill,https://lightcast.io/open-skills/skills/ES71C18378814E6740D6
ES3E23B34FA62742E488,People Oriented,Common Skill,https://lightcast.io/open-skills/skills/ES3E23B34FA62742E488
KS7G4435Y86B10HMV3H3,Persistence,Common Skill,https://lightcast.io/open-skills/skills/KS7G4435Y86B10HMV3H3
KS127M36PQPZLCDRJ5FB,Personal Computers,Common Skill,https://lightcast.io/open-skills/skills/KS127M36PQPZLCDRJ5FB
KSFJRPQN2KI79W0X0BU6,Personal Integrity,Common Skill,https://lightcast.io/open-skills/skills/KSFJRPQN2KI79W0X0BU6
KS127QD6R8SVZFYYKLLM,Persuasive Communication,Common Skill,https://lightcast.io/open-skills/skills/KS127QD6R8SVZFYYKLLM
KS1248J6ZXTXG1Q705V4,Physical Fitness,Common Skill,https://lightcast.io/open-skills/skills/KS1248J6ZXTXG1Q705V4
ES3684196D6944EAB8B3,Physical Flexibility,Common Skill,https://lightcast.io/open-skills/skills/ES3684196D6944EAB8B3
ES38C838634C9F2E7B7F,Physical Stamina,Common Skill,https://lightcast.io/open-skills/skills/ES38C838634C9F2E7B7F
KS126T96TM78XG8P36M8,Physical Strength,Common Skill,https://lightcast.io/open-skills/skills/KS126T96TM78XG8P36M8
KSK5NNT5S3UFT3WMEUNH,Plan Execution,Common Skill,https://lightcast.io/open-skills/skills/KSK5NNT5S3UFT3WMEUNH
ESEB1D4619E6E83A061D,Planning,Common Skill,https://lightcast.io/open-skills/skills/ESEB1D4619E6E83A061D
KS127XJ6N5TJD85JDNPW,Polish Language,Common Skill,https://lightcast.io/open-skills/skills/KS127XJ6N5TJD85JDNPW
KS127XJ72BGXXGGHYWWZ,Politeness,Common Skill,https://lightcast.io/open-skills/skills/KS127XJ72BGXXGGHYWWZ
ES6D4F5379D1F10ABCC2,Portuguese Language,Common Skill,https://lightcast.io/open-skills/skills/ES6D4F5379D1F10ABCC2
ES314E582B1E1F2A6AE6,Positive Reinforcement,Common Skill,https://lightcast.io/open-skills/skills/ES314E582B1E1F2A6AE6
ESB7D4D9034BC8B2CAB1,Positivity,Common Skill,https://lightcast.io/open-skills/skills/ESB7D4D9034BC8B2CAB1
KS128066XVJ3VBR23R8W,Preparedness,Common Skill,https://lightcast.io/open-skills/skills/KS128066XVJ3VBR23R8W
KS1280B68GD79P4WMVYW,Presentations,Common Skill,https://lightcast.io/open-skills/skills/KS1280B68GD79P4WMVYW
KS7G747655VG23WXMS9B,Prioritization,Common Skill,https://lightcast.io/open-skills/skills/KS7G747655VG23WXMS9B
KS1281M7573BG4S5QKMT,Proactivity,Common Skill,https://lightcast.io/open-skills/skills/KS1281M7573BG4S5QKMT
KS1281S6WPCV2MHZL6P1,Problem Reporting,Common Skill,https://lightcast.io/open-skills/skills/KS1281S6WPCV2MHZL6P1
KS125F678LV2KB3Z5XW0,Problem Solving,Common Skill,https://lightcast.io/open-skills/skills/KS125F678LV2KB3Z5XW0
BGS6F26F9B84E533190F,Procedure Development,Common Skill,https://lightcast.io/open-skills/skills/BGS6F26F9B84E533190F
ESC8D8C3A5E103AE0353,Process Understanding,Common Skill,https://lightcast.io/open-skills/skills/ESC8D8C3A5E103AE0353
KS1283677034GWQ5Z5S4,Professional Communication,Common Skill,https://lightcast.io/open-skills/skills/KS1283677034GWQ5Z5S4
ESBE0AEFFCC9FEA76A31,Professional Networking,Common Skill,https://lightcast.io/open-skills/skills/ESBE0AEFFCC9FEA76A31
KS1283D6V01GSKVQW2XT,Professional Responsibility,Common Skill,https://lightcast.io/open-skills/skills/KS1283D6V01GSKVQW2XT
ES76F4C57A88877D6D64,Professionalism,Common Skill,https://lightcast.io/open-skills/skills/ES76F4C57A88877D6D64
KS1283V6XDFZSK6YP0HF,Program Management,Common Skill,https://lightcast.io/open-skills/skills/KS1283V6XDFZSK6YP0HF
KS5S1X799BL7UH79PT17,Progress Reporting,Common Skill,https://lightcast.io/open-skills/skills/KS5S1X799BL7UH79PT17
BGS29E3C902E1ECF21C3,Project Design,Common Skill,https://lightcast.io/open-skills/skills/BGS29E3C902E1ECF21C3
ES5FCB3BAC585ADAB993,Proper Body Mechanics,Common Skill,https://lightcast.io/open-skills/skills/ES5FCB3BAC585ADAB993
ES155D7F622B83A1E5BC,Proper Posture,Common Skill,https://lightcast.io/open-skills/skills/ES155D7F622B83A1E5BC
KS124JZ5VYRZ5MJ85N2B,Public Speaking,Common Skill,https://lightcast.io/open-skills/skills/KS124JZ5VYRZ5MJ85N2B
KS1287M692W39DYZN8ZZ,Punctuality,Common Skill,https://lightcast.io/open-skills/skills/KS1287M692W39DYZN8ZZ
KS128866SHL94J005TTG,Quality Assurance,Common Skill,https://lightcast.io/open-skills/skills/KS128866SHL94J005TTG
KSKG9OA3NDST6929VROF,Quality Control,Common Skill,https://lightcast.io/open-skills/skills/KSKG9OA3NDST6929VROF
KSFJJIL89YQCKZ4VQL9K,Quality Driven,Common Skill,https://lightcast.io/open-skills/skills/KSFJJIL89YQCKZ4VQL9K
KSG21Y30BQVH1S8XMJHK,Questioning Skills,Common Skill,https://lightcast.io/open-skills/skills/KSG21Y30BQVH1S8XMJHK
ESF5E4E161916F0E64A4,Quick Learning,Common Skill,https://lightcast.io/open-skills/skills/ESF5E4E161916F0E64A4
ES36F4349696AA6C1AD0,Rapport Building,Common Skill,https://lightcast.io/open-skills/skills/ES36F4349696AA6C1AD0
ES6F35D2C3787802A2E0,Reading Comprehension,Common Skill,https://lightcast.io/open-skills/skills/ES6F35D2C3787802A2E0
KS128F265DV4XTBR70H7,Real Estate,Common Skill,https://lightcast.io/open-skills/skills/KS128F265DV4XTBR70H7
ES287D36898B4CDD54AB,Recognizing Others,Common Skill,https://lightcast.io/open-skills/skills/ES287D36898B4CDD54AB
ES3DFC177BFFC0F2828B,Recognizing Strengths,Common Skill,https://lightcast.io/open-skills/skills/ES3DFC177BFFC0F2828B
ES75388526FA5C8C8C76,Record Keeping,Common Skill,https://lightcast.io/open-skills/skills/ES75388526FA5C8C8C76
KS128HP65N6N70YV5ZM7,Relationship Building,Common Skill,https://lightcast.io/open-skills/skills/KS128HP65N6N70YV5ZM7
ES70CD6E89F6DAD8F319,Relationship Management,Common Skill,https://lightcast.io/open-skills/skills/ES70CD6E89F6DAD8F319
KS7G6NP6R6L1H1SKFTSY,Reliability,Common Skill,https://lightcast.io/open-skills/skills/KS7G6NP6R6L1H1SKFTSY
ESA1285126AAC474D862,Remote Troubleshooting,Common Skill,https://lightcast.io/open-skills/skills/ESA1285126AAC474D862
BGS1ADAA36DB65721AA3,Report Writing,Common Skill,https://lightcast.io/open-skills/skills/BGS1ADAA36DB65721AA3
KS1203C6N9B52QGB4H67,Research,Common Skill,https://lightcast.io/open-skills/skills/KS1203C6N9B52QGB4H67
KS7G4T15W4RYVZTCDSWZ,Reservations,Common Skill,https://lightcast.io/open-skills/skills/KS7G4T15W4RYVZTCDSWZ
ESC5567F7A6FA12D0DCD,Resilience,Common Skill,https://lightcast.io/open-skills/skills/ESC5567F7A6FA12D0DCD
ES29DDAE9CCE34160768,Resourcefulness,Common Skill,https://lightcast.io/open-skills/skills/ES29DDAE9CCE34160768
KSK42O8WBEBEAL8SALV6,Results Focused,Common Skill,https://lightcast.io/open-skills/skills/KSK42O8WBEBEAL8SALV6
KS44023635DFP7CYKJ45,Retail Sales,Common Skill,https://lightcast.io/open-skills/skills/KS44023635DFP7CYKJ45
ES7CED59B0A516515152,Retail Trends,Common Skill,https://lightcast.io/open-skills/skills/ES7CED59B0A516515152
ES2F806E933350896088,Risk Mindset,Common Skill,https://lightcast.io/open-skills/skills/ES2F806E933350896088
ES3B17EB65FAE181BAA3,Romanian Language,Common Skill,https://lightcast.io/open-skills/skills/ES3B17EB65FAE181BAA3
ES6FA055263AB5A79CF7,Russian Language,Common Skill,https://lightcast.io/open-skills/skills/ES6FA055263AB5A79CF7
KS440726NL4QJRHCMR43,Safety Assurance,Common Skill,https://lightcast.io/open-skills/skills/KS440726NL4QJRHCMR43
KS123X777H5WFNXQ6BPM,Sales,Common Skill,https://lightcast.io/open-skills/skills/KS123X777H5WFNXQ6BPM
ES76436C1FE3AA76935C,Sales Acumen,Common Skill,https://lightcast.io/open-skills/skills/ES76436C1FE3AA76935C
KS128716HL1C1Y0ZS84Q,Sanitation,Common Skill,https://lightcast.io/open-skills/skills/KS128716HL1C1Y0ZS84Q
KS680KR72KH02C5GM5TY,Scheduling,Common Skill,https://lightcast.io/open-skills/skills/KS680KR72KH02C5GM5TY
KS440CG6XTW8CD2HXS5Z,Screen Sharing,Common Skill,https://lightcast.io/open-skills/skills/KS440CG6XTW8CD2HXS5Z
ES4D8B92A43D7E40333C,Security Methodologies,Common Skill,https://lightcast.io/open-skills/skills/ES4D8B92A43D7E40333C
KS440F476G8SKQRTH4CY,Security Policies,Common Skill,https://lightcast.io/open-skills/skills/KS440F476G8SKQRTH4CY
ES888A4FF7B0A62C3C90,Self Development,Common Skill,https://lightcast.io/open-skills/skills/ES888A4FF7B0A62C3C90
KS0H2UFQQANFK8S4VWES,Self Evaluation,Common Skill,https://lightcast.io/open-skills/skills/KS0H2UFQQANFK8S4VWES
ES3C53866ED86532B9B3,Self Organization,Common Skill,https://lightcast.io/open-skills/skills/ES3C53866ED86532B9B3
ES88C410DA4EE6A2FE77,Self-Awareness,Common Skill,https://lightcast.io/open-skills/skills/ES88C410DA4EE6A2FE77
KSXQFNCO7SGDYU3U5SHE,Self-Confidence,Common Skill,https://lightcast.io/open-skills/skills/KSXQFNCO7SGDYU3U5SHE
ES7DB79B8D8E30056109,Self-Control,Common Skill,https://lightcast.io/open-skills/skills/ES7DB79B8D8E30056109
ESB286573053208BD138,Self-Discipline,Common Skill,https://lightcast.io/open-skills/skills/ESB286573053208BD138
ESED820E6065D9AA8D6F,Self-Motivation,Common Skill,https://lightcast.io/open-skills/skills/ESED820E6065D9AA8D6F
ES3C8650B6A0820DAFF4,Self-Starter,Common Skill,https://lightcast.io/open-skills/skills/ES3C8650B6A0820DAFF4
KS440FV79DXKSDM5N76Y,Self-Sufficiency,Common Skill,https://lightcast.io/open-skills/skills/KS440FV79DXKSDM5N76Y
BGS45B034B1B4EB1D32F,Sense Of Smell,Common Skill,https://lightcast.io/open-skills/skills/BGS45B034B1B4EB1D32F
ES8C3A7BBDB14B2D1395,Serbian Language,Common Skill,https://lightcast.io/open-skills/skills/ES8C3A7BBDB14B2D1395
KS122S376PFTXNQHGQTY,Sign Languages,Common Skill,https://lightcast.io/open-skills/skills/KS122S376PFTXNQHGQTY
KS440LV6SDQYSFYTYC9D,Sincerity,Common Skill,https://lightcast.io/open-skills/skills/KS440LV6SDQYSFYTYC9D
KS440MH6JM6K2P1DJG9W,Skype,Common Skill,https://lightcast.io/open-skills/skills/KS440MH6JM6K2P1DJG9W
ES2AAD427D871251857E,Smartphone Operation,Common Skill,https://lightcast.io/open-skills/skills/ES2AAD427D871251857E
KS440PR622FNZ57L7W18,Social Collaboration,Common Skill,https://lightcast.io/open-skills/skills/KS440PR622FNZ57L7W18
ES4E7480DB713EDD8690,Social Intelligence,Common Skill,https://lightcast.io/open-skills/skills/ES4E7480DB713EDD8690
KS440PW6LKL0NJMSD8BS,Social Perceptiveness,Common Skill,https://lightcast.io/open-skills/skills/KS440PW6LKL0NJMSD8BS
KS440PY6J2365XD540J3,Social Skills,Common Skill,https://lightcast.io/open-skills/skills/KS440PY6J2365XD540J3
KS440Q1695HNGHGP6T45,Socialization,Common Skill,https://lightcast.io/open-skills/skills/KS440Q1695HNGHGP6T45
ESAAF4D29C7393755ACD,Solution-Oriented,Common Skill,https://lightcast.io/open-skills/skills/ESAAF4D29C7393755ACD
KSO6IQ5T7F4TEUNX88SL,Solutions Focused,Common Skill,https://lightcast.io/open-skills/skills/KSO6IQ5T7F4TEUNX88SL
KS440S66DFM34BM1MH7H,Sorting,Common Skill,https://lightcast.io/open-skills/skills/KS440S66DFM34BM1MH7H
KS123N6726N4C5J0PGW1,Spanish Language,Common Skill,https://lightcast.io/open-skills/skills/KS123N6726N4C5J0PGW1
ES3EA85702723B4743A3,Spatial Abilities,Common Skill,https://lightcast.io/open-skills/skills/ES3EA85702723B4743A3
KS121JN70DB9VHC8T9GN,Spreadsheets,Common Skill,https://lightcast.io/open-skills/skills/KS121JN70DB9VHC8T9GN
BGSDF894396EC99CDC23,Static Posture,Common Skill,https://lightcast.io/open-skills/skills/BGSDF894396EC99CDC23
KS440Z26T60HXNGBDLL2,Stewardship,Common Skill,https://lightcast.io/open-skills/skills/KS440Z26T60HXNGBDLL2
KS1219261TYVPMGX8KVQ,Strategic Planning,Common Skill,https://lightcast.io/open-skills/skills/KS1219261TYVPMGX8KVQ
KS441075WGFJJ4GRFG2Q,Strategic Thinking,Common Skill,https://lightcast.io/open-skills/skills/KS441075WGFJJ4GRFG2Q
KS1280H6816TH6WNVMND,Stress Management,Common Skill,https://lightcast.io/open-skills/skills/KS1280H6816TH6WNVMND
ES2C57A5BFD84F4C92F7,Stress Resistant,Common Skill,https://lightcast.io/open-skills/skills/ES2C57A5BFD84F4C92F7
ESE15CC456BBE39C7196,Strong Work Ethic,Common Skill,https://lightcast.io/open-skills/skills/ESE15CC456BBE39C7196
KSNI4L9WGODF4UJYKGXU,Studious,Common Skill,https://lightcast.io/open-skills/skills/KSNI4L9WGODF4UJYKGXU
KSH6FTINI9UXJV1PW9L5,Success Driven,Common Skill,https://lightcast.io/open-skills/skills/KSH6FTINI9UXJV1PW9L5
ES65D1AB98AA37D58A82,Summarization Methods,Common Skill,https://lightcast.io/open-skills/skills/ES65D1AB98AA37D58A82
ES87885D4EDB576917C4,Supervision,Common Skill,https://lightcast.io/open-skills/skills/ES87885D4EDB576917C4
KSHK14GZ0YGAE0O4E6N1,Support Colleagues,Common Skill,https://lightcast.io/open-skills/skills/KSHK14GZ0YGAE0O4E6N1
ES54EB16E24E2448E4EF,Sustainable Event Management,Common Skill,https://lightcast.io/open-skills/skills/ES54EB16E24E2448E4EF
ES4F28F8FBA61341F9CA,Sustainable Packaging,Common Skill,https://lightcast.io/open-skills/skills/ES4F28F8FBA61341F9CA
KS4413T6PBY2H3ZWPX4H,Swedish Language,Common Skill,https://lightcast.io/open-skills/skills/KS4413T6PBY2H3ZWPX4H
KS4413Y6BTT254HZKWTZ,Swimming,Common Skill,https://lightcast.io/open-skills/skills/KS4413Y6BTT254HZKWTZ
KS4415S6Q3Q6JPVT2P33,Systems Thinking,Common Skill,https://lightcast.io/open-skills/skills/KS4415S6Q3Q6JPVT2P33
KS7G6XY5W8C9942XGBSH,Tablets,Common Skill,https://lightcast.io/open-skills/skills/KS7G6XY5W8C9942XGBSH
KS4416864V0DGC1RBMPY,Tacit Knowledge,Common Skill,https://lightcast.io/open-skills/skills/KS4416864V0DGC1RBMPY
ES381E2801E7BF20D210,Tactfulness,Common Skill,https://lightcast.io/open-skills/skills/ES381E2801E7BF20D210
BGS75C879293401810F5,Taking Messages,Common Skill,https://lightcast.io/open-skills/skills/BGS75C879293401810F5
KS7G62F6YLKZ0049Z5N8,Tamil Language,Common Skill,https://lightcast.io/open-skills/skills/KS7G62F6YLKZ0049Z5N8
KS4416P5YWT8BYCKNP5R,Tamil Languages,Common Skill,https://lightcast.io/open-skills/skills/KS4416P5YWT8BYCKNP5R
ES30B48F0C79D1AFFF9E,Tape Measure,Common Skill,https://lightcast.io/open-skills/skills/ES30B48F0C79D1AFFF9E
KSIFAE8NL1NRDWHG6X97,Task Planning,Common Skill,https://lightcast.io/open-skills/skills/KSIFAE8NL1NRDWHG6X97
ES77AC0ACB4D5C2872FA,Te Reo Maori,Common Skill,https://lightcast.io/open-skills/skills/ES77AC0ACB4D5C2872FA
KS120PQ6XD1JWMFQVJNW,Teaching,Common Skill,https://lightcast.io/open-skills/skills/KS120PQ6XD1JWMFQVJNW
KS4418371TN1X41T1P3G,Team Building,Common Skill,https://lightcast.io/open-skills/skills/KS4418371TN1X41T1P3G
KS4418461CWR547ZHVK8,Team Effectiveness,Common Skill,https://lightcast.io/open-skills/skills/KS4418461CWR547ZHVK8
KS4418462TTGKL3CWJHT,Team Leadership,Common Skill,https://lightcast.io/open-skills/skills/KS4418462TTGKL3CWJHT
KS441846K903WT1RYDKJ,Team Management,Common Skill,https://lightcast.io/open-skills/skills/KS441846K903WT1RYDKJ
ES9C4BA42EEF41C08D62,Team Motivation,Common Skill,https://lightcast.io/open-skills/skills/ES9C4BA42EEF41C08D62
KS61D1BF7H22K0UZ9C3V,Team Oriented,Common Skill,https://lightcast.io/open-skills/skills/KS61D1BF7H22K0UZ9C3V
KS441846Q382NVKJSSC7,Team Performance Management,Common Skill,https://lightcast.io/open-skills/skills/KS441846Q382NVKJSSC7
KSKJX44T33B6D4UCC8CB,Teamwork,Common Skill,https://lightcast.io/open-skills/skills/KSKJX44T33B6D4UCC8CB
KSQ99JKTZ4VRBARWNW2X,Technical Acumen,Common Skill,https://lightcast.io/open-skills/skills/KSQ99JKTZ4VRBARWNW2X
ES30582A9F2D0A78F4E1,Technical Curiosity,Common Skill,https://lightcast.io/open-skills/skills/ES30582A9F2D0A78F4E1
ES5C4223242364FD32A4,Technology Use,Common Skill,https://lightcast.io/open-skills/skills/ES5C4223242364FD32A4
KS4400576KMSMZXHJXB8,Telecommuting,Common Skill,https://lightcast.io/open-skills/skills/KS4400576KMSMZXHJXB8
KS127RR61H1X4CYBBZF5,Telephone Skills,Common Skill,https://lightcast.io/open-skills/skills/KS127RR61H1X4CYBBZF5
KS4418Y6Q4GGDGLJVCBR,Telugu Language,Common Skill,https://lightcast.io/open-skills/skills/KS4418Y6Q4GGDGLJVCBR
KS4419X5ZRKVGF6RWG6Y,Tenacity,Common Skill,https://lightcast.io/open-skills/skills/KS4419X5ZRKVGF6RWG6Y
ES2469BF1D94F8595276,Thai Language,Common Skill,https://lightcast.io/open-skills/skills/ES2469BF1D94F8595276
KS44175745H9Q0DPBDNT,Time Management,Common Skill,https://lightcast.io/open-skills/skills/KS44175745H9Q0DPBDNT
KS441DK5ZDF8Q8FWL19R,Timelines,Common Skill,https://lightcast.io/open-skills/skills/KS441DK5ZDF8Q8FWL19R
ES3C2DE7943EAA054726,Tone of Voice,Common Skill,https://lightcast.io/open-skills/skills/ES3C2DE7943EAA054726
KS122F96DJHT3ZXB8FCZ,Training And Development,Common Skill,https://lightcast.io/open-skills/skills/KS122F96DJHT3ZXB8FCZ
ES603431DB3B217C292D,Training Facilitation,Common Skill,https://lightcast.io/open-skills/skills/ES603431DB3B217C292D
ES16DD64B2135058F471,Training Plan Development,Common Skill,https://lightcast.io/open-skills/skills/ES16DD64B2135058F471
KS7G6YG64JBBTX2X6KVB,Transcribing,Common Skill,https://lightcast.io/open-skills/skills/KS7G6YG64JBBTX2X6KVB
KS441HK71ZSPDCTDSWMK,Transformational Leadership,Common Skill,https://lightcast.io/open-skills/skills/KS441HK71ZSPDCTDSWMK
KS441K2756CXYXBG990G,Troubleshooting (Problem Solving),Common Skill,https://lightcast.io/open-skills/skills/KS441K2756CXYXBG990G
KS9859HJ5UHFJ7ODS0ZM,Trustworthiness,Common Skill,https://lightcast.io/open-skills/skills/KS9859HJ5UHFJ7ODS0ZM
ES8895996371A2ECE232,Turkish Language,Common Skill,https://lightcast.io/open-skills/skills/ES8895996371A2ECE232
KS123D862Q0DXLM84GQK,Typewriters,Common Skill,https://lightcast.io/open-skills/skills/KS123D862Q0DXLM84GQK
KS441LG5Y8XGW9TP7B4W,Typing,Common Skill,https://lightcast.io/open-skills/skills/KS441LG5Y8XGW9TP7B4W
KS441M26959GKTJ5YY29,Ukrainian Language,Common Skill,https://lightcast.io/open-skills/skills/KS441M26959GKTJ5YY29
KS441NT6DFMKK8XS48RV,Unpacking,Common Skill,https://lightcast.io/open-skills/skills/KS441NT6DFMKK8XS48RV
ESA97571FECBAC26188C,Unsupervised Work,Common Skill,https://lightcast.io/open-skills/skills/ESA97571FECBAC26188C
KS441P46N6FKY9H5Q9Q7,Urdu Language,Common Skill,https://lightcast.io/open-skills/skills/KS441P46N6FKY9H5Q9Q7
ESB8607F3CB38DD014AE,Use Diversity of Perspectives,Common Skill,https://lightcast.io/open-skills/skills/ESB8607F3CB38DD014AE
ESD07C72E7B428FDF1AD,Uzbek Language,Common Skill,https://lightcast.io/open-skills/skills/ESD07C72E7B428FDF1AD
ESAF70B8DD4B9DE7A6B1,Value Realization,Common Skill,https://lightcast.io/open-skills/skills/ESAF70B8DD4B9DE7A6B1
KS441S06L3NZBK0D6JM8,Verbal Communication Skills,Common Skill,https://lightcast.io/open-skills/skills/KS441S06L3NZBK0D6JM8
KS441SR6VQ8S7SWCKJ21,Video Conferencing,Common Skill,https://lightcast.io/open-skills/skills/KS441SR6VQ8S7SWCKJ21
ESFF2EE62AC1EC64DDAF,Vietnamese Language,Common Skill,https://lightcast.io/open-skills/skills/ESFF2EE62AC1EC64DDAF
KS441TD5ZFVS6CK21YST,Virtual Collaboration,Common Skill,https://lightcast.io/open-skills/skills/KS441TD5ZFVS6CK21YST
KS1249V6KP7DGN5W2X0W,Virtual Teams,Common Skill,https://lightcast.io/open-skills/skills/KS1249V6KP7DGN5W2X0W
KS441VC75P5WHX8QL5SN,Visionary,Common Skill,https://lightcast.io/open-skills/skills/KS441VC75P5WHX8QL5SN
KS441VJ5YF8Z32D38QHL,Visual Acuity,Common Skill,https://lightcast.io/open-skills/skills/KS441VJ5YF8Z32D38QHL
BGSDAD717E496BD0778B,Voicemail,Common Skill,https://lightcast.io/open-skills/skills/BGSDAD717E496BD0778B
ES3A32E377AA978A4D3B,Water Sustainability,Common Skill,https://lightcast.io/open-skills/skills/ES3A32E377AA978A4D3B
KS124V56WHMJ8HW0Q022,Web Browsers,Common Skill,https://lightcast.io/open-skills/skills/KS124V56WHMJ8HW0Q022
KS1258X6TN4MM1GP0SFK,Web Conferencing,Common Skill,https://lightcast.io/open-skills/skills/KS1258X6TN4MM1GP0SFK
KS4420D6PFXBX56WT5R6,Web Navigation,Common Skill,https://lightcast.io/open-skills/skills/KS4420D6PFXBX56WT5R6
KS4420B71HQPGBB6QS0T,Webmail,Common Skill,https://lightcast.io/open-skills/skills/KS4420B71HQPGBB6QS0T
ESA79694E5B4FA97E470,Welsh Language,Common Skill,https://lightcast.io/open-skills/skills/ESA79694E5B4FA97E470
ESBF952629C36426E564,Willingness To Learn,Common Skill,https://lightcast.io/open-skills/skills/ESBF952629C36426E564
KS44241613XS4PFB9NNS,Wireless Communications,Common Skill,https://lightcast.io/open-skills/skills/KS44241613XS4PFB9NNS
KS1233L6BGZ6R7D2FX0H,Word Processing,Common Skill,https://lightcast.io/open-skills/skills/KS1233L6BGZ6R7D2FX0H
KSICK7SB8UCJZ5HVZUPF,Working Quickly,Common Skill,https://lightcast.io/open-skills/skills/KSICK7SB8UCJZ5HVZUPF
KS4425C7820LCHZS7VGX,Writing,Common Skill,https://lightcast.io/open-skills/skills/KS4425C7820LCHZS7VGX
KS4425C6ZM53B0RZCD8Y,Written English,Common Skill,https://lightcast.io/open-skills/skills/KS4425C6ZM53B0RZCD8Y
